"","ID","Description","Count","GeneRatio","geneID"
"GO:0019953","GO:0019953","sexual reproduction",7,"7/186","KHDRBS1/PLEKHA1/CXADR/GJA1/PANX1/RPS6KA2/ITGB1"
"GO:0019954","GO:0019954","asexual reproduction",0,"0/186",""
"GO:0022414","GO:0022414","reproductive process",16,"16/186","KHDRBS1/DLG1/CRHR1/CTNNA1/KRAS/PLEKHA1/CXADR/FRS2/GJA1/SLC19A1/SLC38A2/ROR2/SLC38A1/PANX1/RPS6KA2/ITGB1"
"GO:0032504","GO:0032504","multicellular organism reproduction",7,"7/186","KHDRBS1/PLEKHA1/CXADR/GJA1/PANX1/RPS6KA2/ITGB1"
"GO:0032505","GO:0032505","reproduction of a single-celled organism",0,"0/186",""
"GO:0075325","GO:0075325","spore dispersal",0,"0/186",""
"GO:0001776","GO:0001776","leukocyte homeostasis",1,"1/186","LYN"
"GO:0002200","GO:0002200","somatic diversification of immune receptors",0,"0/186",""
"GO:0002252","GO:0002252","immune effector process",8,"8/186","DUSP10/LYN/STX7/SNAP23/LAMP1/STX4/SLC7A5/YES1"
"GO:0002253","GO:0002253","activation of immune response",8,"8/186","KHDRBS1/PLEKHA1/LYN/LCK/HRAS/EZR/YES1/SLC39A10"
"GO:0002262","GO:0002262","myeloid cell homeostasis",2,"2/186","ZBTB7A/LYN"
"GO:0002339","GO:0002339","B cell selection",0,"0/186",""
"GO:0002404","GO:0002404","antigen sampling in mucosal-associated lymphoid tissue",0,"0/186",""
"GO:0002440","GO:0002440","production of molecular mediator of immune response",2,"2/186","STX4/SLC7A5"
"GO:0002507","GO:0002507","tolerance induction",1,"1/186","LYN"
"GO:0002520","GO:0002520","immune system development",7,"7/186","ZBTB7A/DUSP10/LYN/LCK/ROR2/EPHA2/ITGB1"
"GO:0002682","GO:0002682","regulation of immune system process",23,"23/186","KHDRBS1/DLG1/DUSP10/FLOT1/PLEKHA1/LYN/SCRIB/CAV1/ZDHHC5/LCK/DLG5/STX7/HRAS/LAMP1/STX4/EZR/SLC7A5/CD99/ROR2/EFNB1/FLOT2/YES1/SLC39A10"
"GO:0002683","GO:0002683","negative regulation of immune system process",7,"7/186","DLG1/DUSP10/LYN/SCRIB/DLG5/EZR/YES1"
"GO:0002684","GO:0002684","positive regulation of immune system process",18,"18/186","KHDRBS1/DUSP10/PLEKHA1/LYN/CAV1/LCK/STX7/HRAS/LAMP1/STX4/EZR/SLC7A5/CD99/ROR2/EFNB1/FLOT2/YES1/SLC39A10"
"GO:0006955","GO:0006955","immune response",20,"20/186","KHDRBS1/DUSP10/CRHR1/FLOT1/PLEKHA1/LYN/CAV1/ZDHHC5/LCK/STX7/HRAS/SNAP23/LAMP1/STX4/EZR/SLC7A5/LAMP3/EPHA2/YES1/SLC39A10"
"GO:0019882","GO:0019882","antigen processing and presentation",2,"2/186","RAB35/RAB4A"
"GO:0031294","GO:0031294","lymphocyte costimulation",5,"5/186","LYN/CAV1/LCK/EFNB1/YES1"
"GO:0035172","GO:0035172","hemocyte proliferation",0,"0/186",""
"GO:0042386","GO:0042386","hemocyte differentiation",0,"0/186",""
"GO:0045058","GO:0045058","T cell selection",0,"0/186",""
"GO:0045321","GO:0045321","leukocyte activation",17,"17/186","ZBTB7A/DLG1/DUSP10/LYN/CXADR/SCRIB/CAV1/LCK/DLG5/SNAP23/LAMP1/STX4/EFNB1/FLOT2/YES1/ITGB1/SLC39A10"
"GO:0050900","GO:0050900","leukocyte migration",8,"8/186","LYN/CXADR/LCK/SLC12A2/CD99/ROR2/YES1/ITGB1"
"GO:0090713","GO:0090713","immunological memory process",0,"0/186",""
"GO:0006792","GO:0006792","regulation of sulfur utilization",0,"0/186",""
"GO:0045882","GO:0045882","negative regulation of sulfur utilization",0,"0/186",""
"GO:0045883","GO:0045883","positive regulation of sulfur utilization",0,"0/186",""
"GO:0006795","GO:0006795","regulation of phosphorus utilization",0,"0/186",""
"GO:0045942","GO:0045942","negative regulation of phosphorus utilization",0,"0/186",""
"GO:0045949","GO:0045949","positive regulation of phosphorus utilization",0,"0/186",""
"GO:0002118","GO:0002118","aggressive behavior",0,"0/186",""
"GO:0002209","GO:0002209","behavioral defense response",1,"1/186","GJA1"
"GO:0002210","GO:0002210","behavioral response to wounding",0,"0/186",""
"GO:0007611","GO:0007611","learning or memory",6,"6/186","GRIN2A/GRIN1/NETO1/SHANK2/KRAS/ITGB1"
"GO:0007622","GO:0007622","rhythmic behavior",2,"2/186","NLGN1/ADRB1"
"GO:0007625","GO:0007625","grooming behavior",0,"0/186",""
"GO:0007626","GO:0007626","locomotory behavior",2,"2/186","NLGN2/APBA1"
"GO:0007631","GO:0007631","feeding behavior",0,"0/186",""
"GO:0007632","GO:0007632","visual behavior",5,"5/186","GRIN2A/GRIN1/NETO1/KRAS/ITGB1"
"GO:0007635","GO:0007635","chemosensory behavior",0,"0/186",""
"GO:0007638","GO:0007638","mechanosensory behavior",0,"0/186",""
"GO:0019098","GO:0019098","reproductive behavior",0,"0/186",""
"GO:0030534","GO:0030534","adult behavior",1,"1/186","SHANK2"
"GO:0030537","GO:0030537","larval behavior",0,"0/186",""
"GO:0032537","GO:0032537","host-seeking behavior",0,"0/186",""
"GO:0035176","GO:0035176","social behavior",1,"1/186","SHANK2"
"GO:0035187","GO:0035187","hatching behavior",0,"0/186",""
"GO:0035640","GO:0035640","exploration behavior",1,"1/186","NLGN2"
"GO:0040040","GO:0040040","thermosensory behavior",0,"0/186",""
"GO:0042630","GO:0042630","behavioral response to water deprivation",0,"0/186",""
"GO:0048266","GO:0048266","behavioral response to pain",0,"0/186",""
"GO:0048520","GO:0048520","positive regulation of behavior",2,"2/186","NLGN1/GJA1"
"GO:0048521","GO:0048521","negative regulation of behavior",0,"0/186",""
"GO:0050795","GO:0050795","regulation of behavior",3,"3/186","NLGN1/ADRB1/GJA1"
"GO:0051780","GO:0051780","behavioral response to nutrient",0,"0/186",""
"GO:0051867","GO:0051867","general adaptation syndrome, behavioral process",0,"0/186",""
"GO:0060273","GO:0060273","crying behavior",0,"0/186",""
"GO:0060756","GO:0060756","foraging behavior",0,"0/186",""
"GO:0061744","GO:0061744","motor behavior",0,"0/186",""
"GO:0071625","GO:0071625","vocalization behavior",1,"1/186","SHANK2"
"GO:0120318","GO:0120318","olfactory sociosexual communication",0,"0/186",""
"GO:0006734","GO:0006734","NADH metabolic process",0,"0/186",""
"GO:0006739","GO:0006739","NADP metabolic process",0,"0/186",""
"GO:0006807","GO:0006807","nitrogen compound metabolic process",59,"59/186","DLG2/DLG3/GRIN2A/ZBTB7A/KHDRBS1/GUCY1A2/DLG1/CASK/SNTA1/DMD/NOS1/SPZ1/MTMR2/ERBB4/DUSP10/ZGPAT/WWC1/GRIN1/F8A1/MAGI2/RPS6KA1/GRIN2C/FLOT1/KRAS/OCLN/PTPN13/PARD3/LYN/CAV1/ZDHHC5/GJA1/MARK2/DIRAS3/MARK3/LCK/ZFPL1/CDC42BPA/SLC19A1/HRAS/SLC6A8/SLC38A2/MAP4K4/PEAK1/EZR/CDCA3/LAMP2/ROR2/LAMP3/CDH1/EPHA2/ADCY9/B3GAT1/SPRY4/FERMT2/FLOT2/YES1/RPS6KA2/WDR6/SLC39A10"
"GO:0009056","GO:0009056","catabolic process",17,"17/186","GRIN2A/ZBTB7A/NOS1/MTMR2/F8A1/GRIN2C/PLCH1/CAV1/GJA1/MARK2/EZR/LAMP2/LAMP3/CDH1/RAB5A/WDR6/ITGB1"
"GO:0009058","GO:0009058","biosynthetic process",31,"31/186","ZBTB7A/KHDRBS1/GUCY1A2/DLG1/CASK/DMD/NOS1/SPZ1/MTMR2/ERBB4/ZGPAT/WWC1/GRIN1/RPS6KA1/FLOT1/KRAS/EFR3B/CAV1/ZDHHC5/GJA1/EFR3A/ZFPL1/HRAS/EZR/ROR2/SLC39A14/CDH1/ADCY9/B3GAT1/FLOT2/YES1"
"GO:0009892","GO:0009892","negative regulation of metabolic process",28,"28/186","GRIN2A/ZBTB7A/KHDRBS1/DLG1/SNTA1/DMD/MTMR2/DUSP10/ZGPAT/WWC1/F8A1/RPS6KA1/GRIN2C/OCLN/PTPN13/PARD3/LYN/CAV1/GJA1/HRAS/ATP2B1/EZR/SLC7A5/LAMP3/EPHA2/SPRY4/FLOT2/WDR6"
"GO:0009893","GO:0009893","positive regulation of metabolic process",36,"36/186","DLG3/GRIN2A/KHDRBS1/DLG1/CASK/NOS1/ERBB4/WWC1/GRIN1/MAGI2/RPS6KA1/ADRB1/FLOT1/KRAS/OCLN/LYN/SCRIB/CAV1/GJA1/MARK2/LCK/HRAS/SLC38A2/STX4/ANK3/EZR/SLC7A5/ROR2/LAMP3/PANX1/CDH1/EPHA2/FERMT2/YES1/RPS6KA2/SLC39A10"
"GO:0016999","GO:0016999","antibiotic metabolic process",0,"0/186",""
"GO:0018933","GO:0018933","nicotine metabolic process",0,"0/186",""
"GO:0019222","GO:0019222","regulation of metabolic process",57,"57/186","DLG3/GRIN2A/ZBTB7A/KHDRBS1/DLG1/CASK/APBA1/SNTA1/DMD/NOS1/SPZ1/MTMR2/ERBB4/DUSP10/ZGPAT/WWC1/GRIN1/F8A1/MAGI2/RPS6KA1/ADRB1/GRIN2C/FLOT1/KRAS/OCLN/PTPN13/PARD3/LYN/SCRIB/CAV1/GJA1/MARK2/DIRAS3/LCK/ZFPL1/LAMTOR1/HRAS/NUMB/SLC38A2/STX4/ATP2B1/ANK3/EZR/SLC7A5/ROR2/LAMP3/PANX1/CDH1/EPHA2/SPRY4/FERMT2/FLOT2/YES1/RPS6KA2/WDR6/ITGB1/SLC39A10"
"GO:0019674","GO:0019674","NAD metabolic process",0,"0/186",""
"GO:0019748","GO:0019748","secondary metabolic process",0,"0/186",""
"GO:0032259","GO:0032259","methylation",1,"1/186","WDR6"
"GO:0032963","GO:0032963","collagen metabolic process",1,"1/186","ITGB1"
"GO:0042440","GO:0042440","pigment metabolic process",0,"0/186",""
"GO:0042445","GO:0042445","hormone metabolic process",1,"1/186","PLEKHA1"
"GO:0044237","GO:0044237","cellular metabolic process",68,"68/186","DLG2/DLG3/GRIN2A/ZBTB7A/KHDRBS1/GUCY1A2/DLG1/CASK/SNTA1/DMD/NOS1/SPZ1/TNS3/MTMR2/ERBB4/DUSP10/ZGPAT/WWC1/GRIN1/F8A1/MAGI2/RPS6KA1/FLOT1/KRAS/PLEKHA1/OCLN/PTPN13/PARD3/LYN/EFR3B/SCRIB/CAV1/ZDHHC5/GJA1/MARK2/DIRAS3/MARK3/LCK/EFR3A/ZFPL1/CDC42BPA/LAMTOR1/SLC19A1/HRAS/FAM135A/NUMB/SLC6A8/SLC38A2/MAP4K4/PEAK1/EZR/CDCA3/LAMP2/ROR2/LAMP3/CDH1/EPHA2/ADCY9/B3GAT1/RAB5A/SPRY4/FERMT2/FLOT2/YES1/RPS6KA2/WDR6/ITGB1/SLC39A10"
"GO:0044238","GO:0044238","primary metabolic process",65,"65/186","DLG2/DLG3/GRIN2A/ZBTB7A/KHDRBS1/GUCY1A2/DLG1/CASK/SNTA1/DMD/NOS1/SPZ1/MTMR2/ERBB4/DUSP10/ZGPAT/WWC1/GRIN1/F8A1/MAGI2/RPS6KA1/GRIN2C/FLOT1/KRAS/PLEKHA1/OCLN/PTPN13/PARD3/LYN/PLCH1/EFR3B/CAV1/ZDHHC5/GJA1/MARK2/DIRAS3/MARK3/LCK/EFR3A/ZFPL1/CDC42BPA/LAMTOR1/HRAS/FAM135A/SLC38A2/MAP4K4/PEAK1/EZR/CDCA3/LAMP2/ROR2/SLC39A14/LAMP3/CDH1/EPHA2/ADCY9/B3GAT1/SLC3A2/SPRY4/FERMT2/FLOT2/YES1/RPS6KA2/WDR6/SLC39A10"
"GO:0044281","GO:0044281","small molecule metabolic process",13,"13/186","DLG2/ZBTB7A/GUCY1A2/DLG1/CASK/NOS1/MTMR2/CAV1/SLC19A1/SLC6A8/SLC39A14/EPHA2/ADCY9"
"GO:0045730","GO:0045730","respiratory burst",1,"1/186","DUSP10"
"GO:0046034","GO:0046034","ATP metabolic process",1,"1/186","ZBTB7A"
"GO:0051189","GO:0051189","prosthetic group metabolic process",0,"0/186",""
"GO:0061984","GO:0061984","catabolite repression",0,"0/186",""
"GO:0070085","GO:0070085","glycosylation",1,"1/186","B3GAT1"
"GO:0070988","GO:0070988","demethylation",0,"0/186",""
"GO:0071704","GO:0071704","organic substance metabolic process",77,"77/186","DLG2/DLG3/GRIN2A/ZBTB7A/KHDRBS1/GUCY1A2/DLG1/CASK/APBA1/SNTA1/DMD/NOS1/SPZ1/MTMR2/ERBB4/DUSP10/ZGPAT/WWC1/GRIN1/F8A1/MAGI2/RPS6KA1/GRIN2C/FLOT1/KRAS/PLEKHA1/OCLN/PTPN13/PARD3/LYN/PLCH1/EFR3B/SCRIB/CAV1/ZDHHC5/GJA1/MARK2/DIRAS3/MARK3/LCK/EFR3A/ZFPL1/CDC42BPA/LAMTOR1/SLC19A1/HRAS/FAM135A/NUMB/SLC6A8/SLC38A2/STX4/MAP4K4/PEAK1/ATP2B1/ANK3/EZR/SLC7A5/CDCA3/LAMP2/ROR2/SLC39A14/LAMP3/PANX1/CDH1/EPHA2/ADCY9/B3GAT1/SLC3A2/RAB5A/SPRY4/FERMT2/FLOT2/YES1/RPS6KA2/WDR6/ITGB1/SLC39A10"
"GO:0140651","GO:0140651","futile creatine cycle",0,"0/186",""
"GO:1901275","GO:1901275","tartrate metabolic process",0,"0/186",""
"GO:1901286","GO:1901286","iron-sulfur-molybdenum cofactor metabolic process",0,"0/186",""
"GO:1901764","GO:1901764","phosphinothricin metabolic process",0,"0/186",""
"GO:1901902","GO:1901902","tyrocidine metabolic process",0,"0/186",""
"GO:1902421","GO:1902421","hydrogen metabolic process",0,"0/186",""
"GO:1990845","GO:1990845","adaptive thermogenesis",3,"3/186","ADRB1/CAV1/GJA1"
"GO:0043610","GO:0043610","regulation of carbohydrate utilization",0,"0/186",""
"GO:0000920","GO:0000920","septum digestion after cytokinesis",0,"0/186",""
"GO:0001775","GO:0001775","cell activation",18,"18/186","ZBTB7A/DLG1/DUSP10/RPS6KA1/LYN/CXADR/SCRIB/CAV1/LCK/DLG5/SNAP23/LAMP1/STX4/EFNB1/FLOT2/YES1/ITGB1/SLC39A10"
"GO:0001906","GO:0001906","cell killing",2,"2/186","STX7/LAMP1"
"GO:0006276","GO:0006276","plasmid maintenance",0,"0/186",""
"GO:0006457","GO:0006457","protein folding",2,"2/186","DNAJC5/LMAN1"
"GO:0006903","GO:0006903","vesicle targeting",4,"4/186","NLGN1/SCRIB/SNAP23/YKT6"
"GO:0006928","GO:0006928","movement of cell or subcellular component",45,"45/186","DLG2/DLG1/APBA1/SNTA1/ERBB4/DUSP10/WWC1/MAGI2/CTNNA1/LYN/RHOB/CXADR/SCRIB/CAV1/PHACTR4/GJA1/GAB1/MARK2/LCK/DLG5/CDC42BPA/UNC5B/EFNB2/HRAS/NUMB/ARF6/LAMP1/DSC2/STX4/DSG2/MAP4K4/SLC12A2/PEAK1/RAB11A/VANGL2/CD99/ROR2/EFNB1/CDH1/EPHA2/DEPDC1B/FERMT2/FLOT2/YES1/ITGB1"
"GO:0006949","GO:0006949","syncytium formation",2,"2/186","NOS1/FLOT1"
"GO:0007017","GO:0007017","microtubule-based process",15,"15/186","DLG2/DLG1/APBA1/MPDZ/OCLN/PARD3/GJA1/MARK2/MARK3/LLGL1/LAMP1/EZR/RAB11A/FLOT2/ITGB1"
"GO:0007034","GO:0007034","vacuolar transport",3,"3/186","RHOB/LAMP1/LAMP2"
"GO:0007049","GO:0007049","cell cycle",24,"24/186","KHDRBS1/DLG1/MAGI2/RPS6KA1/EPB41/PARD3/RHOB/PKP4/SCRIB/PHACTR4/GJA1/RAB35/DIRAS3/LLGL1/HRAS/ARF6/ANK3/EZR/RAB11A/CDCA3/STEAP3/RPS6KA2/WDR6/ITGB1"
"GO:0007059","GO:0007059","chromosome segregation",1,"1/186","RAB11A"
"GO:0007154","GO:0007154","cell communication",116,"116/186","NLGN1/NLGN2/DLG2/DLGAP2/DLGAP1/GRIN2A/ZBTB7A/KHDRBS1/GUCY1A2/DLG1/LIN7A/DLGAP4/CASK/LIN7B/LIN7C/APBA1/MPP2/DMD/NOS1/DTNB/DTNA/SNTG1/TAGAP/CTNNAL1/ADRA1D/MTMR2/ERBB4/DUSP10/ZGPAT/WWC1/RHPN1/GRIN1/GRIN3A/NETO1/MAGI2/CRHR1/DLGAP3/SHANK2/RPS6KA1/ADRB1/GRIN2C/CTNNA1/FLOT1/KRAS/PLEKHA1/PTPN13/PARD3/LYN/RHOB/PLCH1/DNAJC5/CXADR/FRS2/PKP4/SCRIB/CAV1/PHACTR4/ZDHHC5/GJA1/RAB35/PSD3/GAB1/MARK2/DIRAS3/MARK3/LCK/LLGL1/PALM/DLG5/CDC42BPA/LAMTOR1/NRAS/UNC5B/EFNB2/HRAS/SLC30A1/GJD3/TMEM17/RASAL2/SNAP23/ARF6/LAMP1/SLC38A2/DSC2/STX4/DSG2/CTNND1/MAP4K4/SLC12A2/ATP2B1/ANK3/EZR/RAB11A/VANGL2/VANGL1/LAMP2/KIDINS220/ROR2/SLC39A14/FAM83B/RELL1/EFNB1/PANX1/CDH1/EPHA2/ADCY9/RAB5A/SPRY4/DEPDC1B/RAB9A/FERMT2/YES1/RPS6KA2/ITGB1/SLC39A10/RAB4A"
"GO:0007155","GO:0007155","cell adhesion",44,"44/186","NLGN1/NLGN2/DLG2/DLG3/DLG1/CASK/APBA1/UTRN/PLEKHA2/CTNNAL1/KIF26B/DUSP10/CTNNA1/FLOT1/PARD3/LYN/RHOB/CXADR/PKP4/SCRIB/CAV1/LCK/DLG5/EFNB2/ARF6/DSC2/STX4/DSG2/PPFIBP1/CTNND1/MAP4K4/PEAK1/ANK3/EZR/CD99/PCDH7/EFNB1/CDH1/EPHA2/SPRY4/FERMT2/FLOT2/YES1/ITGB1"
"GO:0007163","GO:0007163","establishment or maintenance of cell polarity",20,"20/186","DLG2/DLG3/DLG1/LIN7A/LIN7B/LIN7C/MPP7/KIF26B/WWC1/CTNNA1/PARD3/RHOB/SCRIB/GJA1/MARK2/LLGL1/DLG5/ARF6/FLOT2/ITGB1"
"GO:0007165","GO:0007165","signal transduction",92,"92/186","NLGN1/NLGN2/DLGAP2/DLGAP1/GRIN2A/ZBTB7A/KHDRBS1/GUCY1A2/DLG1/DLGAP4/MPP2/DMD/NOS1/DTNA/TAGAP/CTNNAL1/ADRA1D/MTMR2/ERBB4/DUSP10/ZGPAT/WWC1/RHPN1/GRIN1/GRIN3A/NETO1/MAGI2/CRHR1/DLGAP3/SHANK2/RPS6KA1/ADRB1/GRIN2C/CTNNA1/FLOT1/KRAS/PLEKHA1/PTPN13/PARD3/LYN/RHOB/PLCH1/FRS2/CAV1/PHACTR4/ZDHHC5/GJA1/RAB35/PSD3/GAB1/MARK2/DIRAS3/MARK3/LCK/LLGL1/PALM/DLG5/CDC42BPA/LAMTOR1/NRAS/UNC5B/EFNB2/HRAS/TMEM17/RASAL2/ARF6/LAMP1/STX4/CTNND1/MAP4K4/ANK3/EZR/VANGL2/VANGL1/KIDINS220/ROR2/SLC39A14/FAM83B/RELL1/EFNB1/EPHA2/ADCY9/RAB5A/SPRY4/DEPDC1B/RAB9A/FERMT2/YES1/RPS6KA2/ITGB1/SLC39A10/RAB4A"
"GO:0007272","GO:0007272","ensheathment of neurons",3,"3/186","DLG1/MTMR2/PARD3"
"GO:0008037","GO:0008037","cell recognition",1,"1/186","DLG1"
"GO:0008219","GO:0008219","cell death",30,"30/186","GRIN2A/ZBTB7A/ERBB4/RPS6KA1/CTNNA1/KRAS/LYN/RHOB/DNAJC5/FRS2/SCRIB/CAV1/GJA1/LCK/DLG5/UNC5B/EFNB2/HRAS/EBAG9/ARF6/LAMP1/STX4/MAP4K4/LAMP3/STEAP3/EPHA2/FERMT2/RPS6KA2/ITGB1/SLC39A10"
"GO:0008283","GO:0008283","cell population proliferation",31,"31/186","DLG3/DLG1/CASK/ADRA1D/ERBB4/DUSP10/MAGI2/SHANK2/RPS6KA1/CTNNA1/KRAS/LYN/FRS2/SCRIB/CAV1/GJA1/DLG5/NRAS/EFNB2/HRAS/NUMB/STX4/ROR2/FAM83B/EFNB1/EPHA2/FERMT2/RPS6KA2/WDR6/ITGB1/SLC39A10"
"GO:0010118","GO:0010118","stomatal movement",0,"0/186",""
"GO:0010496","GO:0010496","intercellular transport",0,"0/186",""
"GO:0016037","GO:0016037","light absorption",0,"0/186",""
"GO:0016049","GO:0016049","cell growth",6,"6/186","RPS6KA1/GJA1/LAMTOR1/EBAG9/RAB11A/ITGB1"
"GO:0016192","GO:0016192","vesicle-mediated transport",41,"41/186","NLGN1/NLGN2/LIN7A/CASK/LIN7B/LIN7C/APBA1/MTMR2/GRIN3A/MAGI2/FLOT1/LYN/RHOB/USP6NL/DNAJC5/SCRIB/CAV1/RAB35/LLGL1/ZFPL1/STX7/LAMTOR1/STX6/HRAS/NUMB/SNAP23/ARF6/LAMP1/STX4/ANK3/EZR/RAB11A/LMAN1/SCAMP1/RAB5C/RAB5A/RAB9A/YES1/ITGB1/YKT6/RAB4A"
"GO:0019725","GO:0019725","cellular homeostasis",19,"19/186","GRIN2A/DMD/NOS1/ADRA1D/GRIN1/GRIN2C/LYN/CAV1/GJA1/LCK/SLC30A1/STX4/MAP4K4/SLC12A2/SLC4A7/ATP2B1/SLC39A6/SLC39A14/SLC39A10"
"GO:0019835","GO:0019835","cytolysis",0,"0/186",""
"GO:0022402","GO:0022402","cell cycle process",12,"12/186","KHDRBS1/DLG1/RHOB/PKP4/GJA1/RAB35/LLGL1/ANK3/EZR/RAB11A/RPS6KA2/ITGB1"
"GO:0022406","GO:0022406","membrane docking",5,"5/186","STX7/STX6/STX4/EZR/YKT6"
"GO:0022412","GO:0022412","cellular process involved in reproduction in multicellular organism",4,"4/186","CXADR/PANX1/RPS6KA2/ITGB1"
"GO:0030029","GO:0030029","actin filament-based process",26,"26/186","DLG1/SNTA1/DMD/UTRN/EPB41L4A/CTNNA1/EPB41/KRAS/FAM171A1/RHOB/CXADR/MARCKS/CAV1/PHACTR4/GJA1/GAB1/LLGL1/CDC42BPA/HRAS/ARF6/ADD3/DSC2/DSG2/EZR/FERMT2/ITGB1"
"GO:0032196","GO:0032196","transposition",0,"0/186",""
"GO:0033059","GO:0033059","cellular pigmentation",1,"1/186","RAB11A"
"GO:0034337","GO:0034337","RNA folding",0,"0/186",""
"GO:0035212","GO:0035212","cell competition in a multicellular organism",0,"0/186",""
"GO:0036166","GO:0036166","phenotypic switching",0,"0/186",""
"GO:0043335","GO:0043335","protein unfolding",0,"0/186",""
"GO:0044068","GO:0044068","modulation by symbiont of host cellular process",0,"0/186",""
"GO:0044663","GO:0044663","establishment or maintenance of cell type involved in phenotypic switching",0,"0/186",""
"GO:0044764","GO:0044764","multi-organism cellular process",1,"1/186","CAV1"
"GO:0045103","GO:0045103","intermediate filament-based process",0,"0/186",""
"GO:0048522","GO:0048522","positive regulation of cellular process",79,"79/186","NLGN1/NLGN2/DLG3/GRIN2A/KHDRBS1/GUCY1A2/DLG1/CASK/MPP2/DMD/NOS1/UTRN/PLEKHA2/ADRA1D/MPP7/KIF26B/MTMR2/ERBB4/DUSP10/WWC1/GRIN1/NETO1/MAGI2/SHANK2/RPS6KA1/GRIN2C/CTNNA1/FLOT1/EPB41/KRAS/OCLN/PARD3/LYN/RHOB/FRS2/PKP4/SCRIB/CAV1/ZDHHC5/GJA1/GAB1/MARK2/LCK/PALM/DLG5/STX7/LAMTOR1/NRAS/UNC5B/EFNB2/HRAS/NUMB/ARF6/LAMP1/SLC38A2/STX4/MAP4K4/SLC12A2/ANK3/EZR/RAB11A/CD99/KIDINS220/ROR2/SLC39A14/LMAN1/RELL1/EFNB1/CDH1/EPHA2/RAB5A/DEPDC1B/RAB9A/FERMT2/FLOT2/YES1/RPS6KA2/ITGB1/SLC39A10"
"GO:0048523","GO:0048523","negative regulation of cellular process",60,"60/186","NLGN1/DLG3/ZBTB7A/KHDRBS1/DLG1/CASK/SNTA1/DMD/NOS1/MTMR2/ERBB4/DUSP10/ZGPAT/WWC1/F8A1/MAGI2/CRHR1/SHANK2/RPS6KA1/CTNNA1/KRAS/PLEKHA1/OCLN/PTPN13/PARD3/LYN/RHOB/DNAJC5/FRS2/SCRIB/CAV1/PHACTR4/GJA1/ANKRD26/MARK3/LCK/PALM/DLG5/UNC5B/EFNB2/HRAS/SLC30A1/NUMB/ARF6/ADD3/CTNND1/MAP4K4/ANK3/EZR/ROR2/LMAN1/LAMP3/CDH1/EPHA2/SPRY4/FERMT2/RPS6KA2/WDR6/ITGB1/SLC39A10"
"GO:0048869","GO:0048869","cellular developmental process",60,"60/186","NLGN1/GRIN2A/ZBTB7A/ARHGEF26/DMD/NOS1/DTNB/MTMR2/ERBB4/DUSP10/GRIN3A/MAGI2/RPS6KA1/ADRB1/CTNNA1/FLOT1/KRAS/PLEKHA1/PARD3/LYN/RHOB/CXADR/FRS2/SCRIB/CAV1/PHACTR4/GJA1/ANKRD26/RAB35/MARK2/LCK/GPRIN3/LLGL1/DLG5/UNC5B/EFNB2/HRAS/NUMB/LSR/ARF6/MAP4K4/PEAK1/SLC4A7/MARVELD2/ANK3/EZR/RAB11A/KIDINS220/ROR2/SLC39A14/EFNB1/PANX1/CDH1/EPHA2/SPRY4/FERMT2/FLOT2/YES1/RPS6KA2/ITGB1"
"GO:0050794","GO:0050794","regulation of cellular process",135,"135/186","NLGN1/NLGN2/DLG3/DLGAP2/DLGAP1/GRIN2A/ZBTB7A/KHDRBS1/GUCY1A2/DLG1/KCNJ12/KCNJ4/DLGAP4/CASK/APBA1/MPP2/SNTA1/KCNA4/DMD/NOS1/UTRN/DTNA/PLEKHA2/TAGAP/CTNNAL1/ADRA1D/SPZ1/MPP7/KIF26B/MTMR2/ERBB4/DUSP10/MPDZ/ZGPAT/WWC1/RHPN1/GRIN1/GRIN3A/NETO1/F8A1/MAGI2/CRHR1/DLGAP3/SHANK2/RPS6KA1/ADRB1/GRIN2C/CTNNA1/FLOT1/EPB41/KRAS/PLEKHA1/OCLN/PTPN13/PARD3/LYN/RHOB/USP6NL/PLCH1/DNAJC5/CXADR/FRS2/PKP4/SCRIB/CAV1/PHACTR4/ZDHHC5/GJA1/ANKRD26/RAB35/PSD3/GAB1/MARK2/DIRAS3/MARK3/LCK/LLGL1/ZFPL1/PALM/DLG5/CDC42BPA/STX7/LAMTOR1/NRAS/UNC5B/STX6/EFNB2/HRAS/SLC30A1/NUMB/EBAG9/TMEM17/RASAL2/ARF6/ADD3/LAMP1/SLC38A2/DSC2/STX4/DSG2/CTNND1/MAP4K4/SLC12A2/PEAK1/ATP2B1/ANK3/EZR/RAB11A/VANGL2/VANGL1/CD99/KIDINS220/ROR2/SLC39A14/LMAN1/LAMP3/FAM83B/RELL1/EFNB1/CDH1/EPHA2/ADCY9/RAB5C/RAB5A/SPRY4/DEPDC1B/RAB9A/FERMT2/FLOT2/YES1/RPS6KA2/WDR6/ITGB1/SLC39A10/RAB4A"
"GO:0051301","GO:0051301","cell division",10,"10/186","EPB41/PARD3/RHOB/PKP4/RAB35/NUMB/ARF6/ANK3/RAB11A/CDCA3"
"GO:0051641","GO:0051641","cellular localization",71,"71/186","NLGN1/NLGN2/DLG2/DLG3/GRIN2A/ZBTB7A/KHDRBS1/DLG1/LIN7A/CASK/LIN7B/LIN7C/APBA1/SNTA1/DMD/NOS1/MTMR2/ERBB4/WWC1/GRIN1/GRIN3A/F8A1/MAGI2/GRIN2C/CTNNA1/FLOT1/EPB41/OCLN/PARD3/LYN/RHOB/USP6NL/EFR3B/DNAJC5/SCRIB/CAV1/ZDHHC5/GJA1/RAB35/MARK2/LCK/LLGL1/EFR3A/PALM/STX7/LAMTOR1/STX6/HRAS/SLC30A1/NUMB/SNAP23/ARF6/LAMP1/STX4/MAP4K4/ANK3/EZR/RAB11A/LAMP2/SLC39A14/LMAN1/LAMP3/CDH1/EPHA2/RAB5C/RAB5A/RAB9A/FERMT2/FLOT2/ITGB1/YKT6"
"GO:0051651","GO:0051651","maintenance of location in cell",7,"7/186","DMD/NOS1/LYN/CAV1/GJA1/LCK/ANK3"
"GO:0051674","GO:0051674","localization of cell",36,"36/186","ERBB4/DUSP10/WWC1/MAGI2/CTNNA1/LYN/RHOB/CXADR/SCRIB/CAV1/PHACTR4/GJA1/GAB1/MARK2/LCK/DLG5/CDC42BPA/EFNB2/HRAS/NUMB/ARF6/STX4/MAP4K4/SLC12A2/PEAK1/RAB11A/VANGL2/CD99/ROR2/EFNB1/CDH1/EPHA2/DEPDC1B/FERMT2/YES1/ITGB1"
"GO:0051716","GO:0051716","cellular response to stimulus",103,"103/186","NLGN1/NLGN2/DLG2/DLGAP2/DLGAP1/GRIN2A/ZBTB7A/KHDRBS1/GUCY1A2/DLG1/DLGAP4/CASK/MPP2/DMD/NOS1/DTNA/TAGAP/CTNNAL1/ADRA1D/MTMR2/ERBB4/DUSP10/ZGPAT/WWC1/RHPN1/GRIN1/GRIN3A/NETO1/MAGI2/CRHR1/DLGAP3/SHANK2/RPS6KA1/ADRB1/GRIN2C/CTNNA1/FLOT1/KRAS/PLEKHA1/OCLN/PTPN13/PARD3/LYN/RHOB/PLCH1/CXADR/FRS2/CAV1/PHACTR4/ZDHHC5/GJA1/RAB35/PSD3/GAB1/MARK2/DIRAS3/MARK3/LCK/LLGL1/PALM/DLG5/CDC42BPA/LAMTOR1/NRAS/UNC5B/EFNB2/CPNE8/HRAS/TMEM17/RASAL2/ARF6/LAMP1/SLC38A2/STX4/CTNND1/MAP4K4/SLC12A2/ATP2B1/ANK3/EZR/VANGL2/VANGL1/LAMP2/KIDINS220/ROR2/SLC39A14/FAM83B/RELL1/EFNB1/CDH1/EPHA2/ADCY9/B3GAT1/RAB5A/SPRY4/DEPDC1B/RAB9A/FERMT2/YES1/RPS6KA2/ITGB1/SLC39A10/RAB4A"
"GO:0055085","GO:0055085","transmembrane transport",40,"40/186","NLGN1/NLGN2/GRIN2A/DLG1/KCNJ12/KCNJ4/SNTA1/KCNA4/DMD/NOS1/UTRN/GRIN1/GRIN3A/NETO1/CRHR1/GRIN2C/OCLN/LYN/CAV1/GJA1/LCK/SLC19A1/SLC30A1/GJD3/SLC6A8/SLC38A2/SLC6A15/SLC12A2/SLC4A7/ATP2B1/ANK3/SLC7A5/SLC39A6/SLC39A14/SLC38A1/PANX1/SLC3A2/YES1/ITGB1/SLC39A10"
"GO:0060352","GO:0060352","cell adhesion molecule production",2,"2/186","FLOT1/CAV1"
"GO:0061842","GO:0061842","microtubule organizing center localization",3,"3/186","DLG1/PARD3/EZR"
"GO:0061919","GO:0061919","process utilizing autophagic mechanism",5,"5/186","MARK2/LAMP2/LAMP3/RAB5A/WDR6"
"GO:0071554","GO:0071554","cell wall organization or biogenesis",0,"0/186",""
"GO:0071840","GO:0071840","cellular component organization or biogenesis",95,"95/186","NLGN1/NLGN2/DLG3/ZBTB7A/DLG1/LIN7A/KCNJ12/APBA1/ARHGEF26/MPP2/SNTA1/KCNA4/DMD/UTRN/MPP7/MTMR2/ERBB4/MPDZ/EPB41L4A/GRIN1/GRIN3A/MAGI2/DLGAP3/SHANK2/RPS6KA1/CTNNA1/ABLIM1/FLOT1/EPB41/KRAS/PLEKHA1/OCLN/PARD3/FAM171A1/LYN/RHOB/USP6NL/CXADR/MARCKS/PKP4/SCRIB/CAV1/PHACTR4/GJA1/RAB35/GAB1/MARK2/MARK3/GPRIN3/LLGL1/PALM/DLG5/CDC42BPA/STX7/LAMTOR1/UNC5B/STX6/EFNB2/HRAS/GJD3/NUMB/EBAG9/LSR/TMEM17/SNAP23/ARF6/ADD3/STX4/DSG2/PPFIBP1/CTNND1/MAP4K4/SLC12A2/RAB2A/PEAK1/MARVELD2/ANK3/EZR/RAB11A/VANGL2/LAMP2/KIDINS220/ROR2/LMAN1/EFNB1/CDH1/EPHA2/RAB5C/RAB5A/FERMT2/FLOT2/RPS6KA2/ITGB1/YKT6/RAB4A"
"GO:0090618","GO:0090618","DNA clamp unloading",0,"0/186",""
"GO:0097194","GO:0097194","execution phase of apoptosis",0,"0/186",""
"GO:0097528","GO:0097528","execution phase of necroptosis",0,"0/186",""
"GO:0098743","GO:0098743","cell aggregation",1,"1/186","ROR2"
"GO:0120312","GO:0120312","ciliary basal body segregation",0,"0/186",""
"GO:0140029","GO:0140029","exocytic process",6,"6/186","NLGN1/LYN/SCRIB/SNAP23/STX4/YKT6"
"GO:0140253","GO:0140253","cell-cell fusion",2,"2/186","NOS1/FLOT1"
"GO:0140352","GO:0140352","export from cell",30,"30/186","NLGN1/NLGN2/DLG1/LIN7A/CASK/LIN7B/LIN7C/APBA1/GRIN3A/CRHR1/LYN/DNAJC5/SCRIB/GJA1/LLGL1/SLC30A1/SNAP23/ARF6/LAMP1/STX4/MAP4K4/SLC12A2/ATP2B1/EZR/RAB11A/SCAMP1/STEAP3/RAB5A/RAB9A/YKT6"
"GO:1990748","GO:1990748","cellular detoxification",0,"0/186",""
"GO:0043609","GO:0043609","regulation of carbon utilization",0,"0/186",""
"GO:0019042","GO:0019042","viral latency",0,"0/186",""
"GO:0019043","GO:0019043","establishment of viral latency",0,"0/186",""
"GO:0019044","GO:0019044","maintenance of viral latency",0,"0/186",""
"GO:0019045","GO:0019045","latent virus replication",0,"0/186",""
"GO:0019046","GO:0019046","release from viral latency",0,"0/186",""
"GO:0019048","GO:0019048","modulation by virus of host process",0,"0/186",""
"GO:0019058","GO:0019058","viral life cycle",10,"10/186","USP6NL/CXADR/CAV1/EFNB2/LAMP1/LAMP3/EPHA2/SLC3A2/RAB5A/ITGB1"
"GO:0019061","GO:0019061","uncoating of virus",0,"0/186",""
"GO:0019068","GO:0019068","virion assembly",1,"1/186","USP6NL"
"GO:0019069","GO:0019069","viral capsid assembly",0,"0/186",""
"GO:0019070","GO:0019070","viral genome maturation",0,"0/186",""
"GO:0019072","GO:0019072","viral genome packaging",0,"0/186",""
"GO:0019075","GO:0019075","virus maturation",0,"0/186",""
"GO:0019076","GO:0019076","viral release from host cell",0,"0/186",""
"GO:0019079","GO:0019079","viral genome replication",1,"1/186","RAB5A"
"GO:0019080","GO:0019080","viral gene expression",0,"0/186",""
"GO:0019081","GO:0019081","viral translation",0,"0/186",""
"GO:0019082","GO:0019082","viral protein processing",0,"0/186",""
"GO:0019083","GO:0019083","viral transcription",0,"0/186",""
"GO:0039664","GO:0039664","lysis of host organelle involved in viral entry into host cell",0,"0/186",""
"GO:0039665","GO:0039665","permeabilization of host organelle membrane involved in viral entry into host cell",0,"0/186",""
"GO:0039707","GO:0039707","pore formation by virus in membrane of host cell",0,"0/186",""
"GO:0044793","GO:0044793","negative regulation by host of viral process",0,"0/186",""
"GO:0044794","GO:0044794","positive regulation by host of viral process",0,"0/186",""
"GO:0044826","GO:0044826","viral genome integration into host DNA",0,"0/186",""
"GO:0046745","GO:0046745","viral capsid secondary envelopment",0,"0/186",""
"GO:0046755","GO:0046755","viral budding",0,"0/186",""
"GO:0046786","GO:0046786","viral replication complex formation and maintenance",0,"0/186",""
"GO:0046787","GO:0046787","viral DNA repair",0,"0/186",""
"GO:0046794","GO:0046794","transport of virus",1,"1/186","CAV1"
"GO:0046799","GO:0046799","recruitment of helicase-primase complex to DNA lesions",0,"0/186",""
"GO:0046807","GO:0046807","viral scaffold assembly and maintenance",0,"0/186",""
"GO:0046815","GO:0046815","genome retention in viral capsid",0,"0/186",""
"GO:0048524","GO:0048524","positive regulation of viral process",0,"0/186",""
"GO:0048525","GO:0048525","negative regulation of viral process",0,"0/186",""
"GO:0050690","GO:0050690","regulation of defense response to virus by virus",0,"0/186",""
"GO:0050792","GO:0050792","regulation of viral process",1,"1/186","LAMP3"
"GO:0075522","GO:0075522","IRES-dependent viral translational initiation",0,"0/186",""
"GO:0075523","GO:0075523","viral translational frameshifting",0,"0/186",""
"GO:0075524","GO:0075524","ribosomal skipping",0,"0/186",""
"GO:0075525","GO:0075525","viral translational termination-reinitiation",0,"0/186",""
"GO:0075526","GO:0075526","cap snatching",0,"0/186",""
"GO:0075527","GO:0075527","viral RNA editing",0,"0/186",""
"GO:0098003","GO:0098003","viral tail assembly",0,"0/186",""
"GO:0098004","GO:0098004","virus tail fiber assembly",0,"0/186",""
"GO:0098005","GO:0098005","viral head-tail joining",0,"0/186",""
"GO:0098045","GO:0098045","virus baseplate assembly",0,"0/186",""
"GO:0098669","GO:0098669","superinfection exclusion",0,"0/186",""
"GO:0098677","GO:0098677","virion maturation",0,"0/186",""
"GO:0098678","GO:0098678","viral tropism switching",0,"0/186",""
"GO:0098689","GO:0098689","latency-replication decision",0,"0/186",""
"GO:0099009","GO:0099009","viral genome circularization",0,"0/186",""
"GO:0006808","GO:0006808","regulation of nitrogen utilization",0,"0/186",""
"GO:0019676","GO:0019676","ammonia assimilation cycle",0,"0/186",""
"GO:0045847","GO:0045847","negative regulation of nitrogen utilization",0,"0/186",""
"GO:0045848","GO:0045848","positive regulation of nitrogen utilization",0,"0/186",""
"GO:0000742","GO:0000742","karyogamy involved in conjugation with cellular fusion",0,"0/186",""
"GO:0000743","GO:0000743","nuclear migration involved in conjugation with cellular fusion",0,"0/186",""
"GO:0000752","GO:0000752","agglutination involved in conjugation with cellular fusion",0,"0/186",""
"GO:0002077","GO:0002077","acrosome matrix dispersal",0,"0/186",""
"GO:0003006","GO:0003006","developmental process involved in reproduction",9,"9/186","KHDRBS1/DLG1/CTNNA1/PLEKHA1/FRS2/GJA1/ROR2/PANX1/RPS6KA2"
"GO:0007117","GO:0007117","budding cell bud growth",0,"0/186",""
"GO:0007300","GO:0007300","ovarian nurse cell to oocyte transport",0,"0/186",""
"GO:0007316","GO:0007316","pole plasm RNA localization",0,"0/186",""
"GO:0007318","GO:0007318","pole plasm protein localization",0,"0/186",""
"GO:0007340","GO:0007340","acrosome reaction",0,"0/186",""
"GO:0007343","GO:0007343","egg activation",0,"0/186",""
"GO:0007344","GO:0007344","pronuclear fusion",0,"0/186",""
"GO:0007534","GO:0007534","gene conversion at mating-type locus",0,"0/186",""
"GO:0007543","GO:0007543","sex determination, somatic-gonadal interaction",0,"0/186",""
"GO:0007566","GO:0007566","embryo implantation",1,"1/186","GJA1"
"GO:0009566","GO:0009566","fertilization",0,"0/186",""
"GO:0009846","GO:0009846","pollen germination",0,"0/186",""
"GO:0009856","GO:0009856","pollination",0,"0/186",""
"GO:0009859","GO:0009859","pollen hydration",0,"0/186",""
"GO:0009865","GO:0009865","pollen tube adhesion",0,"0/186",""
"GO:0009875","GO:0009875","pollen-pistil interaction",0,"0/186",""
"GO:0009876","GO:0009876","pollen adhesion",0,"0/186",""
"GO:0010069","GO:0010069","zygote asymmetric cytokinesis in embryo sac",0,"0/186",""
"GO:0010183","GO:0010183","pollen tube guidance",0,"0/186",""
"GO:0010344","GO:0010344","seed oilbody biogenesis",0,"0/186",""
"GO:0010483","GO:0010483","pollen tube reception",0,"0/186",""
"GO:0010588","GO:0010588","cotyledon vascular tissue pattern formation",0,"0/186",""
"GO:0018985","GO:0018985","pronuclear envelope synthesis",0,"0/186",""
"GO:0022413","GO:0022413","reproductive process in single-celled organism",0,"0/186",""
"GO:0022602","GO:0022602","ovulation cycle process",1,"1/186","PLEKHA1"
"GO:0030709","GO:0030709","border follicle cell delamination",0,"0/186",""
"GO:0032219","GO:0032219","cell wall macromolecule catabolic process involved in cytogamy",0,"0/186",""
"GO:0032220","GO:0032220","plasma membrane fusion involved in cytogamy",0,"0/186",""
"GO:0035036","GO:0035036","sperm-egg recognition",0,"0/186",""
"GO:0035037","GO:0035037","sperm entry",0,"0/186",""
"GO:0035038","GO:0035038","female pronucleus assembly",0,"0/186",""
"GO:0035039","GO:0035039","male pronucleus assembly",0,"0/186",""
"GO:0035040","GO:0035040","sperm nuclear envelope removal",0,"0/186",""
"GO:0035041","GO:0035041","sperm chromatin decondensation",0,"0/186",""
"GO:0035042","GO:0035042","fertilization, exchange of chromosomal proteins",0,"0/186",""
"GO:0035044","GO:0035044","sperm aster formation",0,"0/186",""
"GO:0035046","GO:0035046","pronuclear migration",0,"0/186",""
"GO:0035471","GO:0035471","luteinizing hormone signaling pathway involved in ovarian follicle development",0,"0/186",""
"GO:0042628","GO:0042628","mating plug formation",0,"0/186",""
"GO:0043093","GO:0043093","FtsZ-dependent cytokinesis",0,"0/186",""
"GO:0044703","GO:0044703","multi-organism reproductive process",12,"12/186","KHDRBS1/CRHR1/KRAS/PLEKHA1/CXADR/GJA1/SLC19A1/SLC38A2/SLC38A1/PANX1/RPS6KA2/ITGB1"
"GO:0045729","GO:0045729","respiratory burst at fertilization",0,"0/186",""
"GO:0046595","GO:0046595","establishment of pole plasm mRNA localization",0,"0/186",""
"GO:0048359","GO:0048359","mucilage metabolic process involved in seed coat development",0,"0/186",""
"GO:0048497","GO:0048497","maintenance of floral organ identity",0,"0/186",""
"GO:0048544","GO:0048544","recognition of pollen",0,"0/186",""
"GO:0048573","GO:0048573","photoperiodism, flowering",0,"0/186",""
"GO:0048609","GO:0048609","multicellular organismal reproductive process",7,"7/186","KHDRBS1/PLEKHA1/CXADR/GJA1/PANX1/RPS6KA2/ITGB1"
"GO:0051037","GO:0051037","regulation of transcription involved in meiotic cell cycle",0,"0/186",""
"GO:0051321","GO:0051321","meiotic cell cycle",1,"1/186","RPS6KA2"
"GO:0060011","GO:0060011","Sertoli cell proliferation",0,"0/186",""
"GO:0060466","GO:0060466","activation of meiosis involved in egg activation",0,"0/186",""
"GO:0060468","GO:0060468","prevention of polyspermy",0,"0/186",""
"GO:0060469","GO:0060469","positive regulation of transcription involved in egg activation",0,"0/186",""
"GO:0060470","GO:0060470","positive regulation of cytosolic calcium ion concentration involved in egg activation",0,"0/186",""
"GO:0060471","GO:0060471","cortical granule exocytosis",0,"0/186",""
"GO:0060474","GO:0060474","positive regulation of flagellated sperm motility involved in capacitation",0,"0/186",""
"GO:0060475","GO:0060475","positive regulation of actin filament polymerization involved in acrosome reaction",0,"0/186",""
"GO:0060476","GO:0060476","protein localization involved in acrosome reaction",0,"0/186",""
"GO:0060478","GO:0060478","acrosomal vesicle exocytosis",0,"0/186",""
"GO:0060518","GO:0060518","cell migration involved in prostatic bud elongation",0,"0/186",""
"GO:0060519","GO:0060519","cell adhesion involved in prostatic bud elongation",0,"0/186",""
"GO:0060673","GO:0060673","cell-cell signaling involved in placenta development",0,"0/186",""
"GO:0060710","GO:0060710","chorio-allantoic fusion",0,"0/186",""
"GO:0060722","GO:0060722","cell proliferation involved in embryonic placenta development",0,"0/186",""
"GO:0060738","GO:0060738","epithelial-mesenchymal signaling involved in prostate gland development",0,"0/186",""
"GO:0060739","GO:0060739","mesenchymal-epithelial cell signaling involved in prostate gland development",0,"0/186",""
"GO:0060767","GO:0060767","epithelial cell proliferation involved in prostate gland development",0,"0/186",""
"GO:0060781","GO:0060781","mesenchymal cell proliferation involved in prostate gland development",0,"0/186",""
"GO:0060783","GO:0060783","mesenchymal smoothened signaling pathway involved in prostate gland development",0,"0/186",""
"GO:0060858","GO:0060858","vesicle-mediated transport involved in floral organ abscission",0,"0/186",""
"GO:0060869","GO:0060869","transmembrane receptor protein serine/threonine kinase signaling pathway involved in floral organ abscission",0,"0/186",""
"GO:0060870","GO:0060870","cell wall disassembly involved in floral organ abscission",0,"0/186",""
"GO:0061450","GO:0061450","trophoblast cell migration",1,"1/186","GJA1"
"GO:0061948","GO:0061948","premature acrosome loss",0,"0/186",""
"GO:0061955","GO:0061955","positive regulation of actin filament depolymerization involved in acrosome reaction",0,"0/186",""
"GO:0070871","GO:0070871","cell wall organization involved in conjugation with cellular fusion",0,"0/186",""
"GO:0071171","GO:0071171","site-specific DNA replication termination at RTS1 barrier",0,"0/186",""
"GO:0071507","GO:0071507","pheromone response MAPK cascade",0,"0/186",""
"GO:0071515","GO:0071515","genetic imprinting at mating-type locus",0,"0/186",""
"GO:0071516","GO:0071516","establishment of imprinting at mating-type locus",0,"0/186",""
"GO:0071517","GO:0071517","maintenance of imprinting at mating-type locus",0,"0/186",""
"GO:0097722","GO:0097722","sperm motility",0,"0/186",""
"GO:0110134","GO:0110134","meiotic drive",0,"0/186",""
"GO:0140547","GO:0140547","acquisition of seed longevity",0,"0/186",""
"GO:1902064","GO:1902064","regulation of transcription from RNA polymerase II promoter involved in spermatogenesis",0,"0/186",""
"GO:1903046","GO:1903046","meiotic cell cycle process",1,"1/186","RPS6KA2"
"GO:1905261","GO:1905261","regulation of meiotic DNA double-strand break formation involved in reciprocal meiotic recombination",0,"0/186",""
"GO:1990109","GO:1990109","rejection of pollen from other species",0,"0/186",""
"GO:2000241","GO:2000241","regulation of reproductive process",2,"2/186","GJA1/RPS6KA2"
"GO:2000242","GO:2000242","negative regulation of reproductive process",2,"2/186","GJA1/RPS6KA2"
"GO:2000243","GO:2000243","positive regulation of reproductive process",0,"0/186",""
"GO:0022608","GO:0022608","multicellular organism adhesion",0,"0/186",""
"GO:0044406","GO:0044406","adhesion of symbiont to host",0,"0/186",""
"GO:0090675","GO:0090675","intermicrovillar adhesion",0,"0/186",""
"GO:0007267","GO:0007267","cell-cell signaling",59,"59/186","NLGN1/NLGN2/DLG2/DLGAP2/DLGAP1/GRIN2A/DLG1/LIN7A/DLGAP4/CASK/LIN7B/LIN7C/APBA1/MPP2/NOS1/DTNB/DTNA/ADRA1D/MTMR2/GRIN1/GRIN3A/NETO1/MAGI2/CRHR1/DLGAP3/SHANK2/RPS6KA1/GRIN2C/FLOT1/KRAS/LYN/DNAJC5/CXADR/PKP4/SCRIB/CAV1/GJA1/MARK2/EFNB2/HRAS/SLC30A1/GJD3/SNAP23/STX4/CTNND1/MAP4K4/SLC12A2/RAB11A/VANGL2/VANGL1/ROR2/EFNB1/PANX1/CDH1/RAB5A/DEPDC1B/FERMT2/RPS6KA2/ITGB1"
"GO:0021807","GO:0021807","motogenic signaling initiating cell movement in cerebral cortex",0,"0/186",""
"GO:0021837","GO:0021837","motogenic signaling involved in postnatal olfactory bulb interneuron migration",0,"0/186",""
"GO:0021838","GO:0021838","motogenic signaling involved in interneuron migration from the subpallium to the cortex",0,"0/186",""
"GO:0023051","GO:0023051","regulation of signaling",69,"69/186","NLGN1/NLGN2/DLGAP2/DLGAP1/GRIN2A/ZBTB7A/GUCY1A2/DLG1/DLGAP4/CASK/APBA1/MPP2/TAGAP/ADRA1D/MTMR2/ERBB4/DUSP10/ZGPAT/WWC1/GRIN1/GRIN3A/NETO1/MAGI2/CRHR1/DLGAP3/SHANK2/GRIN2C/CTNNA1/FLOT1/KRAS/PLEKHA1/PTPN13/LYN/FRS2/SCRIB/CAV1/PHACTR4/ZDHHC5/GJA1/PSD3/MARK3/LCK/LLGL1/PALM/DLG5/LAMTOR1/UNC5B/HRAS/SLC30A1/GJD3/ARF6/STX4/CTNND1/MAP4K4/SLC12A2/ATP2B1/EZR/RAB11A/ROR2/SLC39A14/RELL1/CDH1/EPHA2/RAB5A/SPRY4/DEPDC1B/FERMT2/ITGB1/SLC39A10"
"GO:0023056","GO:0023056","positive regulation of signaling",35,"35/186","NLGN1/NLGN2/GRIN2A/GUCY1A2/MPP2/ADRA1D/ERBB4/WWC1/GRIN1/NETO1/SHANK2/GRIN2C/CTNNA1/FLOT1/KRAS/LYN/FRS2/SCRIB/CAV1/ZDHHC5/GJA1/LCK/DLG5/LAMTOR1/UNC5B/HRAS/STX4/MAP4K4/ROR2/SLC39A14/RELL1/DEPDC1B/FERMT2/ITGB1/SLC39A10"
"GO:0023057","GO:0023057","negative regulation of signaling",27,"27/186","ZBTB7A/DLG1/MTMR2/DUSP10/ZGPAT/WWC1/MAGI2/SHANK2/CTNNA1/PLEKHA1/LYN/CAV1/PHACTR4/GJA1/MARK3/PALM/DLG5/UNC5B/SLC30A1/GJD3/CTNND1/MAP4K4/EZR/ROR2/EPHA2/SPRY4/ITGB1"
"GO:0035426","GO:0035426","extracellular matrix-cell signaling",0,"0/186",""
"GO:0035637","GO:0035637","multicellular organismal signaling",8,"8/186","CXADR/CAV1/GJA1/GJD3/DSC2/DSG2/ATP2B1/ANK3"
"GO:0001503","GO:0001503","ossification",4,"4/186","ATP2B1/ROR2/EPHA2/FERMT2"
"GO:0001763","GO:0001763","morphogenesis of a branching structure",5,"5/186","DLG1/KRAS/FRS2/DLG5/EPHA2"
"GO:0001816","GO:0001816","cytokine production",9,"9/186","FLOT1/LYN/SCRIB/HRAS/ATP2B1/EZR/SLC7A5/PANX1/EPHA2"
"GO:0002021","GO:0002021","response to dietary excess",1,"1/186","ADRB1"
"GO:0002532","GO:0002532","production of molecular mediator involved in inflammatory response",3,"3/186","DUSP10/LYN/SNAP23"
"GO:0003008","GO:0003008","system process",50,"50/186","NLGN1/NLGN2/DLGAP2/DLGAP1/GRIN2A/DLG1/KCNJ12/DLGAP4/MPP2/SNTA1/DMD/SNTB1/NOS1/UTRN/DTNA/ADRA1D/MTMR2/GRIN1/GRIN3A/NETO1/CRHR1/DLGAP3/SHANK2/ADRB1/GRIN2C/ABLIM1/EPB41/KRAS/OCLN/PARD3/CXADR/CAV1/GJA1/SLC19A1/GJD3/SLC6A8/SLC38A2/DSC2/DSG2/SLC12A2/MARVELD2/ATP2B1/ANK3/EZR/SLC7A5/SLC38A1/FERMT2/YES1/RPS6KA2/ITGB1"
"GO:0003053","GO:0003053","circadian regulation of heart rate",0,"0/186",""
"GO:0007275","GO:0007275","multicellular organism development",74,"74/186","NLGN1/NLGN2/DLG2/DLG3/GRIN2A/ZBTB7A/DLG1/LIN7A/APBA1/DMD/DTNB/UTRN/KIF26B/MTMR2/ERBB4/DUSP10/GRIN1/GRIN3A/MAGI2/SHANK2/RPS6KA1/GRIN2C/CTNNA1/ABLIM1/FLOT1/KRAS/PLEKHA1/PARD3/LYN/RHOB/CXADR/FRS2/MARCKS/SCRIB/CAV1/PHACTR4/GJA1/RAB35/GAB1/MARK2/LCK/GPRIN3/LLGL1/PALM/DLG5/UNC5B/EFNB2/HRAS/SLC30A1/NUMB/LSR/ARF6/SLC38A2/DSG2/CTNND1/MAP4K4/SLC12A2/SLC4A7/ATP2B1/ANK3/RAB11A/VANGL2/VANGL1/KIDINS220/ROR2/SLC39A14/EFNB1/CDH1/EPHA2/ADCY9/SPRY4/FERMT2/RPS6KA2/ITGB1"
"GO:0007389","GO:0007389","pattern specification process",5,"5/186","ERBB4/FRS2/VANGL2/ROR2/EFNB1"
"GO:0007585","GO:0007585","respiratory gaseous exchange by respiratory system",2,"2/186","NLGN1/NLGN2"
"GO:0007586","GO:0007586","digestion",2,"2/186","EPB41/EZR"
"GO:0008340","GO:0008340","determination of adult lifespan",0,"0/186",""
"GO:0009561","GO:0009561","megagametogenesis",0,"0/186",""
"GO:0009791","GO:0009791","post-embryonic development",1,"1/186","PLEKHA1"
"GO:0009845","GO:0009845","seed germination",0,"0/186",""
"GO:0010022","GO:0010022","meristem determinacy",0,"0/186",""
"GO:0010073","GO:0010073","meristem maintenance",0,"0/186",""
"GO:0010162","GO:0010162","seed dormancy process",0,"0/186",""
"GO:0016203","GO:0016203","muscle attachment",0,"0/186",""
"GO:0019827","GO:0019827","stem cell population maintenance",0,"0/186",""
"GO:0022004","GO:0022004","midbrain-hindbrain boundary maturation during brain development",0,"0/186",""
"GO:0022005","GO:0022005","midbrain-hindbrain boundary maturation during neural plate development",0,"0/186",""
"GO:0022404","GO:0022404","molting cycle process",0,"0/186",""
"GO:0030431","GO:0030431","sleep",2,"2/186","GRIN2A/ADRB1"
"GO:0030588","GO:0030588","pseudocleavage",0,"0/186",""
"GO:0031424","GO:0031424","keratinization",0,"0/186",""
"GO:0032898","GO:0032898","neurotrophin production",0,"0/186",""
"GO:0032922","GO:0032922","circadian regulation of gene expression",0,"0/186",""
"GO:0032941","GO:0032941","secretion by tissue",0,"0/186",""
"GO:0033555","GO:0033555","multicellular organismal response to stress",3,"3/186","NOS1/ADRB1/GJA1"
"GO:0034381","GO:0034381","plasma lipoprotein particle clearance",0,"0/186",""
"GO:0035073","GO:0035073","pupariation",0,"0/186",""
"GO:0035074","GO:0035074","pupation",0,"0/186",""
"GO:0035264","GO:0035264","multicellular organism growth",4,"4/186","APBA1/ADRB1/PLEKHA1/EZR"
"GO:0035265","GO:0035265","organ growth",3,"3/186","ERBB4/WWC1/GJA1"
"GO:0035314","GO:0035314","scab formation",0,"0/186",""
"GO:0035889","GO:0035889","otolith tethering",0,"0/186",""
"GO:0036363","GO:0036363","transforming growth factor beta activation",0,"0/186",""
"GO:0042303","GO:0042303","molting cycle",0,"0/186",""
"GO:0043480","GO:0043480","pigment accumulation in tissues",0,"0/186",""
"GO:0044706","GO:0044706","multi-multicellular organism process",6,"6/186","CRHR1/KRAS/GJA1/SLC19A1/SLC38A2/SLC38A1"
"GO:0045494","GO:0045494","photoreceptor cell maintenance",0,"0/186",""
"GO:0048647","GO:0048647","polyphenic determination",0,"0/186",""
"GO:0048771","GO:0048771","tissue remodeling",3,"3/186","CAV1/GJA1/EPHA2"
"GO:0048871","GO:0048871","multicellular organismal homeostasis",10,"10/186","DMD/ADRB1/KRAS/OCLN/CXADR/CAV1/GJA1/LSR/SLC12A2/ITGB1"
"GO:0050817","GO:0050817","coagulation",4,"4/186","LYN/CAV1/LCK/LMAN1"
"GO:0050879","GO:0050879","multicellular organismal movement",1,"1/186","DMD"
"GO:0051239","GO:0051239","regulation of multicellular organismal process",51,"51/186","NLGN1/NLGN2/DLGAP2/DLGAP1/DLG1/KCNJ12/DLGAP4/SNTA1/DMD/NOS1/ADRA1D/MTMR2/ERBB4/DUSP10/WWC1/GRIN1/NETO1/CRHR1/DLGAP3/ADRB1/CTNNA1/FLOT1/EPB41/PARD3/LYN/RHOB/CXADR/FRS2/SCRIB/CAV1/GJA1/GAB1/DLG5/EFNB2/HRAS/GJD3/NUMB/ARF6/DSC2/DSG2/MAP4K4/SLC12A2/ATP2B1/EZR/SLC7A5/RAB11A/ROR2/PANX1/EPHA2/FERMT2/ITGB1"
"GO:0051240","GO:0051240","positive regulation of multicellular organismal process",27,"27/186","NLGN1/NLGN2/ADRA1D/ERBB4/DUSP10/ADRB1/FLOT1/PARD3/LYN/RHOB/FRS2/SCRIB/CAV1/GJA1/GAB1/DLG5/EFNB2/HRAS/NUMB/ATP2B1/EZR/SLC7A5/RAB11A/ROR2/PANX1/FERMT2/ITGB1"
"GO:0051241","GO:0051241","negative regulation of multicellular organismal process",13,"13/186","MTMR2/DUSP10/WWC1/ADRB1/CTNNA1/LYN/FRS2/GJA1/GJD3/SLC12A2/ATP2B1/EZR/EPHA2"
"GO:0055046","GO:0055046","microgametogenesis",0,"0/186",""
"GO:0055127","GO:0055127","vibrational conductance of sound to the inner ear",0,"0/186",""
"GO:0060384","GO:0060384","innervation",0,"0/186",""
"GO:0071684","GO:0071684","organism emergence from protective structure",0,"0/186",""
"GO:0071827","GO:0071827","plasma lipoprotein particle organization",0,"0/186",""
"GO:0080189","GO:0080189","primary growth",0,"0/186",""
"GO:0090130","GO:0090130","tissue migration",8,"8/186","DUSP10/RHOB/EFNB2/ARF6/MAP4K4/RAB11A/EPHA2/ITGB1"
"GO:0090664","GO:0090664","response to high population density",0,"0/186",""
"GO:0097167","GO:0097167","circadian regulation of translation",0,"0/186",""
"GO:0097207","GO:0097207","bud dormancy process",0,"0/186",""
"GO:0097242","GO:0097242","amyloid-beta clearance",2,"2/186","RAB11A/RAB5A"
"GO:1990110","GO:1990110","callus formation",0,"0/186",""
"GO:0007568","GO:0007568","aging",5,"5/186","CTNNA1/KRAS/HRAS/SLC12A2/ATP2B1"
"GO:0007571","GO:0007571","age-dependent general metabolic decline",0,"0/186",""
"GO:0009653","GO:0009653","anatomical structure morphogenesis",49,"49/186","NLGN1/DLG3/DLG1/LIN7C/ARHGEF26/NOS1/KIF26B/MTMR2/ERBB4/MAGI2/RPS6KA1/CTNNA1/ABLIM1/FLOT1/EPB41/KRAS/PLEKHA1/PARD3/FAM171A1/RHOB/FRS2/SCRIB/CAV1/PHACTR4/GJA1/GAB1/MARK2/LLGL1/PALM/DLG5/UNC5B/EFNB2/HRAS/NUMB/MAP4K4/SLC12A2/PEAK1/ANK3/EZR/RAB11A/VANGL2/VANGL1/KIDINS220/ROR2/EFNB1/EPHA2/SPRY4/FERMT2/ITGB1"
"GO:0009838","GO:0009838","abscission",0,"0/186",""
"GO:0009847","GO:0009847","spore germination",0,"0/186",""
"GO:0010014","GO:0010014","meristem initiation",0,"0/186",""
"GO:0021700","GO:0021700","developmental maturation",3,"3/186","ZBTB7A/PALM/RPS6KA2"
"GO:0022611","GO:0022611","dormancy process",0,"0/186",""
"GO:0031128","GO:0031128","developmental induction",1,"1/186","FRS2"
"GO:0043696","GO:0043696","dedifferentiation",0,"0/186",""
"GO:0043934","GO:0043934","sporulation",0,"0/186",""
"GO:0048532","GO:0048532","anatomical structure arrangement",0,"0/186",""
"GO:0048589","GO:0048589","developmental growth",12,"12/186","APBA1/KIF26B/ERBB4/DUSP10/WWC1/MAGI2/ADRB1/PLEKHA1/GJA1/EZR/RAB11A/ITGB1"
"GO:0048646","GO:0048646","anatomical structure formation involved in morphogenesis",18,"18/186","NOS1/KIF26B/MTMR2/FLOT1/RHOB/FRS2/SCRIB/CAV1/PHACTR4/GJA1/GAB1/UNC5B/EFNB2/SLC12A2/VANGL2/ROR2/EPHA2/ITGB1"
"GO:0048856","GO:0048856","anatomical structure development",84,"84/186","NLGN1/NLGN2/DLG2/DLG3/GRIN2A/ZBTB7A/DLG1/LIN7A/LIN7C/APBA1/ARHGEF26/DMD/NOS1/DTNB/UTRN/KIF26B/MTMR2/ERBB4/DUSP10/GRIN1/GRIN3A/MAGI2/SHANK2/RPS6KA1/GRIN2C/CTNNA1/ABLIM1/FLOT1/EPB41/KRAS/PLEKHA1/PARD3/FAM171A1/LYN/RHOB/CXADR/FRS2/MARCKS/SCRIB/CAV1/PHACTR4/GJA1/RAB35/GAB1/MARK2/LCK/GPRIN3/LLGL1/PALM/DLG5/UNC5B/EFNB2/HRAS/SLC30A1/NUMB/LSR/ARF6/SLC38A2/DSG2/CTNND1/MAP4K4/SLC12A2/PEAK1/SLC4A7/MARVELD2/ATP2B1/ANK3/EZR/RAB11A/VANGL2/VANGL1/KIDINS220/ROR2/SLC39A14/EFNB1/PANX1/CDH1/EPHA2/ADCY9/SPRY4/FERMT2/FLOT2/RPS6KA2/ITGB1"
"GO:0050793","GO:0050793","regulation of developmental process",43,"43/186","NLGN1/NLGN2/DLG1/MTMR2/ERBB4/DUSP10/WWC1/GRIN3A/MAGI2/RPS6KA1/ADRB1/CTNNA1/FLOT1/EPB41/KRAS/PARD3/FAM171A1/LYN/RHOB/FRS2/CAV1/GJA1/ANKRD26/GAB1/MARK2/PALM/DLG5/EFNB2/NUMB/ARF6/MAP4K4/SLC12A2/ATP2B1/EZR/RAB11A/VANGL2/VANGL1/ROR2/EPHA2/SPRY4/FERMT2/FLOT2/ITGB1"
"GO:0051093","GO:0051093","negative regulation of developmental process",19,"19/186","NLGN1/DUSP10/WWC1/GRIN3A/ADRB1/CTNNA1/KRAS/LYN/FRS2/CAV1/GJA1/ANKRD26/ARF6/MAP4K4/SLC12A2/EPHA2/SPRY4/FERMT2/ITGB1"
"GO:0051094","GO:0051094","positive regulation of developmental process",21,"21/186","NLGN1/NLGN2/ERBB4/DUSP10/RPS6KA1/FLOT1/KRAS/LYN/RHOB/FRS2/GJA1/GAB1/DLG5/EFNB2/NUMB/ATP2B1/EZR/RAB11A/ROR2/FERMT2/ITGB1"
"GO:0060033","GO:0060033","anatomical structure regression",0,"0/186",""
"GO:0090644","GO:0090644","age-related resistance",0,"0/186",""
"GO:0097737","GO:0097737","acquisition of mycelium reproductive competence",0,"0/186",""
"GO:0098727","GO:0098727","maintenance of cell number",0,"0/186",""
"GO:0001545","GO:0001545","primary ovarian follicle growth",0,"0/186",""
"GO:0001546","GO:0001546","preantral ovarian follicle growth",0,"0/186",""
"GO:0001550","GO:0001550","ovarian cumulus expansion",0,"0/186",""
"GO:0030447","GO:0030447","filamentous growth",0,"0/186",""
"GO:0040008","GO:0040008","regulation of growth",10,"10/186","ERBB4/DUSP10/WWC1/RPS6KA1/ADRB1/GJA1/LAMTOR1/EBAG9/EZR/RAB11A"
"GO:0042702","GO:0042702","uterine wall growth",0,"0/186",""
"GO:0045926","GO:0045926","negative regulation of growth",4,"4/186","DUSP10/WWC1/ADRB1/GJA1"
"GO:0045927","GO:0045927","positive regulation of growth",4,"4/186","ERBB4/RPS6KA1/EZR/RAB11A"
"GO:0080190","GO:0080190","lateral growth",0,"0/186",""
"GO:0031987","GO:0031987","locomotion involved in locomotory behavior",0,"0/186",""
"GO:0033058","GO:0033058","directional locomotion",2,"2/186","GRIN2A/GRIN2C"
"GO:0036268","GO:0036268","swimming",0,"0/186",""
"GO:0040012","GO:0040012","regulation of locomotion",23,"23/186","ERBB4/DUSP10/MAGI2/CTNNA1/LYN/RHOB/CAV1/GJA1/GAB1/DLG5/EFNB2/HRAS/NUMB/ARF6/STX4/MAP4K4/RAB11A/CD99/ROR2/CDH1/EPHA2/FERMT2/ITGB1"
"GO:0040013","GO:0040013","negative regulation of locomotion",7,"7/186","DUSP10/MAGI2/CTNNA1/RHOB/GJA1/DLG5/CDH1"
"GO:0040017","GO:0040017","positive regulation of locomotion",14,"14/186","LYN/RHOB/CAV1/GAB1/HRAS/NUMB/ARF6/STX4/MAP4K4/RAB11A/CD99/ROR2/FERMT2/ITGB1"
"GO:0042330","GO:0042330","taxis",11,"11/186","LYN/CXADR/SCRIB/GAB1/UNC5B/EFNB2/HRAS/STX4/SLC12A2/EFNB1/EPHA2"
"GO:0048870","GO:0048870","cell motility",36,"36/186","ERBB4/DUSP10/WWC1/MAGI2/CTNNA1/LYN/RHOB/CXADR/SCRIB/CAV1/PHACTR4/GJA1/GAB1/MARK2/LCK/DLG5/CDC42BPA/EFNB2/HRAS/NUMB/ARF6/STX4/MAP4K4/SLC12A2/PEAK1/RAB11A/VANGL2/CD99/ROR2/EFNB1/CDH1/EPHA2/DEPDC1B/FERMT2/YES1/ITGB1"
"GO:0060361","GO:0060361","flight",0,"0/186",""
"GO:0071965","GO:0071965","multicellular organismal locomotion",0,"0/186",""
"GO:0033060","GO:0033060","ocellus pigmentation",0,"0/186",""
"GO:0043474","GO:0043474","pigment metabolic process involved in pigmentation",0,"0/186",""
"GO:0043476","GO:0043476","pigment accumulation",0,"0/186",""
"GO:0048066","GO:0048066","developmental pigmentation",0,"0/186",""
"GO:0120305","GO:0120305","regulation of pigmentation",0,"0/186",""
"GO:0031640","GO:0031640","killing of cells of other organism",0,"0/186",""
"GO:0035737","GO:0035737","injection of substance in to other organism",0,"0/186",""
"GO:0035821","GO:0035821","modulation of process of other organism",1,"1/186","RAB9A"
"GO:0044111","GO:0044111","formation of structure involved in a symbiotic process",0,"0/186",""
"GO:0044403","GO:0044403","biological process involved in symbiotic interaction",7,"7/186","CXADR/CAV1/EFNB2/LAMP1/EPHA2/SLC3A2/ITGB1"
"GO:0051707","GO:0051707","response to other organism",11,"11/186","NOS1/DUSP10/LYN/CAV1/GJA1/LCK/HRAS/LAMP1/STX4/EPHA2/YES1"
"GO:0022403","GO:0022403","cell cycle phase",0,"0/186",""
"GO:0022601","GO:0022601","menstrual cycle phase",0,"0/186",""
"GO:0044851","GO:0044851","hair cycle phase",0,"0/186",""
"GO:0060206","GO:0060206","estrous cycle phase",0,"0/186",""
"GO:0072690","GO:0072690","single-celled organism vegetative growth phase",0,"0/186",""
"GO:0007623","GO:0007623","circadian rhythm",2,"2/186","NLGN1/ADRB1"
"GO:0007624","GO:0007624","ultradian rhythm",0,"0/186",""
"GO:0042698","GO:0042698","ovulation cycle",1,"1/186","PLEKHA1"
"GO:0042753","GO:0042753","positive regulation of circadian rhythm",1,"1/186","NLGN1"
"GO:0044149","GO:0044149","positive regulation of formation of structure involved in a symbiotic process",0,"0/186",""
"GO:0045760","GO:0045760","positive regulation of action potential",0,"0/186",""
"GO:0045780","GO:0045780","positive regulation of bone resorption",0,"0/186",""
"GO:0048087","GO:0048087","positive regulation of developmental pigmentation",0,"0/186",""
"GO:0048584","GO:0048584","positive regulation of response to stimulus",37,"37/186","NLGN1/NLGN2/KHDRBS1/GUCY1A2/ADRA1D/ERBB4/WWC1/GRIN1/NETO1/CTNNA1/FLOT1/KRAS/PLEKHA1/OCLN/LYN/FRS2/CAV1/ZDHHC5/GJA1/LCK/DLG5/STX7/LAMTOR1/UNC5B/HRAS/LAMP1/STX4/MAP4K4/EZR/ROR2/SLC39A14/RELL1/DEPDC1B/FERMT2/YES1/ITGB1/SLC39A10"
"GO:0051050","GO:0051050","positive regulation of transport",26,"26/186","NLGN1/NLGN2/KHDRBS1/DLG1/CASK/DMD/NOS1/MTMR2/GRIN1/MAGI2/FLOT1/OCLN/CAV1/GJA1/HRAS/ARF6/LAMP1/STX4/SLC12A2/ATP2B1/ANK3/EZR/CDH1/RAB5A/RAB9A/ITGB1"
"GO:0051919","GO:0051919","positive regulation of fibrinolysis",0,"0/186",""
"GO:0060148","GO:0060148","positive regulation of posttranscriptional gene silencing",0,"0/186",""
"GO:0075294","GO:0075294","positive regulation by symbiont of entry into host",0,"0/186",""
"GO:0110151","GO:0110151","positive regulation of biomineralization",1,"1/186","ATP2B1"
"GO:0140409","GO:0140409","positive regulation of mRNA alternative polyadenylation",0,"0/186",""
"GO:0140471","GO:0140471","positive regulation of transepithelial migration of symbiont in host",0,"0/186",""
"GO:0150107","GO:0150107","positive regulation of protein localization to cell-cell junction",0,"0/186",""
"GO:1900048","GO:1900048","positive regulation of hemostasis",0,"0/186",""
"GO:1900097","GO:1900097","positive regulation of dosage compensation by inactivation of X chromosome",0,"0/186",""
"GO:1900454","GO:1900454","positive regulation of long-term synaptic depression",0,"0/186",""
"GO:1902474","GO:1902474","positive regulation of protein localization to synapse",2,"2/186","NLGN1/NLGN2"
"GO:1902632","GO:1902632","positive regulation of membrane hyperpolarization",0,"0/186",""
"GO:1902685","GO:1902685","positive regulation of receptor localization to synapse",1,"1/186","STX7"
"GO:1903666","GO:1903666","positive regulation of asexual reproduction",0,"0/186",""
"GO:1904181","GO:1904181","positive regulation of membrane depolarization",1,"1/186","ANK3"
"GO:1904787","GO:1904787","positive regulation of asymmetric protein localization involved in cell fate determination",0,"0/186",""
"GO:1904874","GO:1904874","positive regulation of telomerase RNA localization to Cajal body",0,"0/186",""
"GO:1904912","GO:1904912","positive regulation of establishment of RNA localization to telomere",0,"0/186",""
"GO:1904915","GO:1904915","positive regulation of establishment of protein-containing complex localization to telomere",0,"0/186",""
"GO:1904951","GO:1904951","positive regulation of establishment of protein localization",8,"8/186","NLGN2/GJA1/HRAS/ARF6/STX4/ANK3/EZR/CDH1"
"GO:1905228","GO:1905228","positive regulation of adhesion of symbiont to host epithelial cell",0,"0/186",""
"GO:1905339","GO:1905339","positive regulation of cohesin unloading",0,"0/186",""
"GO:1905514","GO:1905514","positive regulation of short-term synaptic potentiation",0,"0/186",""
"GO:1905954","GO:1905954","positive regulation of lipid localization",1,"1/186","CAV1"
"GO:0034260","GO:0034260","negative regulation of GTPase activity",1,"1/186","HRAS"
"GO:0042754","GO:0042754","negative regulation of circadian rhythm",0,"0/186",""
"GO:0044147","GO:0044147","negative regulation of formation of structure involved in a symbiotic process",0,"0/186",""
"GO:0045759","GO:0045759","negative regulation of action potential",0,"0/186",""
"GO:0048086","GO:0048086","negative regulation of developmental pigmentation",0,"0/186",""
"GO:0048585","GO:0048585","negative regulation of response to stimulus",29,"29/186","ZBTB7A/DLG1/CASK/MTMR2/DUSP10/ZGPAT/WWC1/GRIN3A/MAGI2/SHANK2/CTNNA1/PLEKHA1/LYN/CAV1/PHACTR4/GJA1/MARK3/PALM/DLG5/UNC5B/CTNND1/MAP4K4/SLC12A2/EZR/ROR2/EPHA2/SPRY4/YES1/ITGB1"
"GO:0051051","GO:0051051","negative regulation of transport",10,"10/186","NOS1/MTMR2/CRHR1/CAV1/GJA1/SLC30A1/ARF6/MAP4K4/ANK3/LMAN1"
"GO:0051918","GO:0051918","negative regulation of fibrinolysis",0,"0/186",""
"GO:0060969","GO:0060969","negative regulation of gene silencing",0,"0/186",""
"GO:0110150","GO:0110150","negative regulation of biomineralization",0,"0/186",""
"GO:0150119","GO:0150119","negative regulation of protein localization to cell-cell junction",0,"0/186",""
"GO:1900047","GO:1900047","negative regulation of hemostasis",0,"0/186",""
"GO:1900096","GO:1900096","negative regulation of dosage compensation by inactivation of X chromosome",0,"0/186",""
"GO:1900272","GO:1900272","negative regulation of long-term synaptic potentiation",0,"0/186",""
"GO:1900453","GO:1900453","negative regulation of long-term synaptic depression",0,"0/186",""
"GO:1902631","GO:1902631","negative regulation of membrane hyperpolarization",0,"0/186",""
"GO:1902684","GO:1902684","negative regulation of receptor localization to synapse",0,"0/186",""
"GO:1902735","GO:1902735","negative regulation of receptor-mediated virion attachment to host cell",0,"0/186",""
"GO:1903665","GO:1903665","negative regulation of asexual reproduction",0,"0/186",""
"GO:1904180","GO:1904180","negative regulation of membrane depolarization",0,"0/186",""
"GO:1904786","GO:1904786","negative regulation of asymmetric protein localization involved in cell fate determination",0,"0/186",""
"GO:1904873","GO:1904873","negative regulation of telomerase RNA localization to Cajal body",0,"0/186",""
"GO:1904911","GO:1904911","negative regulation of establishment of RNA localization to telomere",0,"0/186",""
"GO:1904914","GO:1904914","negative regulation of establishment of protein-containing complex localization to telomere",0,"0/186",""
"GO:1904950","GO:1904950","negative regulation of establishment of protein localization",2,"2/186","MAP4K4/LMAN1"
"GO:1905227","GO:1905227","negative regulation of adhesion of symbiont to host epithelial cell",0,"0/186",""
"GO:1905338","GO:1905338","negative regulation of cohesin unloading",0,"0/186",""
"GO:1905385","GO:1905385","negative regulation of protein localization to presynapse",0,"0/186",""
"GO:1905513","GO:1905513","negative regulation of short-term synaptic potentiation",0,"0/186",""
"GO:1905869","GO:1905869","negative regulation of 3'-UTR-mediated mRNA stabilization",0,"0/186",""
"GO:1905953","GO:1905953","negative regulation of lipid localization",0,"0/186",""
"GO:2000536","GO:2000536","negative regulation of entry of bacterium into host cell",0,"0/186",""
"GO:0032879","GO:0032879","regulation of localization",67,"67/186","NLGN1/NLGN2/KHDRBS1/DLG1/KCNJ12/KCNJ4/CASK/APBA1/SNTA1/KCNA4/DMD/NOS1/UTRN/MTMR2/ERBB4/DUSP10/WWC1/GRIN1/GRIN3A/NETO1/MAGI2/CRHR1/CTNNA1/FLOT1/EPB41/OCLN/PARD3/LYN/RHOB/DNAJC5/SCRIB/CAV1/ZDHHC5/GJA1/GAB1/LCK/LLGL1/DLG5/STX7/LAMTOR1/STX6/HRAS/SLC30A1/NUMB/ARF6/LAMP1/DSC2/STX4/DSG2/MAP4K4/SLC12A2/ATP2B1/ANK3/EZR/RAB11A/CD99/ROR2/LMAN1/CDH1/EPHA2/RAB5C/RAB5A/RAB9A/FERMT2/YES1/ITGB1/RAB4A"
"GO:0042752","GO:0042752","regulation of circadian rhythm",2,"2/186","NLGN1/ADRB1"
"GO:0043903","GO:0043903","regulation of biological process involved in symbiotic interaction",1,"1/186","CAV1"
"GO:0044145","GO:0044145","modulation of formation of structure involved in a symbiotic process",0,"0/186",""
"GO:0048518","GO:0048518","positive regulation of biological process",85,"85/186","NLGN1/NLGN2/DLG3/GRIN2A/KHDRBS1/GUCY1A2/DLG1/CASK/MPP2/DMD/NOS1/UTRN/PLEKHA2/ADRA1D/MPP7/KIF26B/MTMR2/ERBB4/DUSP10/WWC1/GRIN1/NETO1/MAGI2/SHANK2/RPS6KA1/ADRB1/GRIN2C/CTNNA1/FLOT1/EPB41/KRAS/PLEKHA1/OCLN/PARD3/LYN/RHOB/FRS2/PKP4/SCRIB/CAV1/ZDHHC5/GJA1/GAB1/MARK2/LCK/PALM/DLG5/STX7/LAMTOR1/NRAS/UNC5B/EFNB2/HRAS/NUMB/ARF6/LAMP1/SLC38A2/STX4/MAP4K4/SLC12A2/ATP2B1/ANK3/EZR/SLC7A5/RAB11A/CD99/KIDINS220/ROR2/SLC39A14/LMAN1/LAMP3/RELL1/EFNB1/PANX1/CDH1/EPHA2/RAB5A/DEPDC1B/RAB9A/FERMT2/FLOT2/YES1/RPS6KA2/ITGB1/SLC39A10"
"GO:0048519","GO:0048519","negative regulation of biological process",70,"70/186","NLGN1/DLG3/GRIN2A/ZBTB7A/KHDRBS1/DLG1/CASK/SNTA1/DMD/NOS1/MTMR2/ERBB4/DUSP10/ZGPAT/WWC1/GRIN3A/F8A1/MAGI2/CRHR1/SHANK2/RPS6KA1/ADRB1/GRIN2C/CTNNA1/KRAS/PLEKHA1/OCLN/PTPN13/PARD3/LYN/RHOB/DNAJC5/FRS2/SCRIB/CAV1/PHACTR4/GJA1/ANKRD26/MARK3/LCK/PALM/DLG5/UNC5B/EFNB2/HRAS/SLC30A1/GJD3/NUMB/ARF6/ADD3/CTNND1/MAP4K4/SLC12A2/ATP2B1/ANK3/EZR/SLC7A5/ROR2/LMAN1/LAMP3/CDH1/EPHA2/SPRY4/FERMT2/FLOT2/YES1/RPS6KA2/WDR6/ITGB1/SLC39A10"
"GO:0048583","GO:0048583","regulation of response to stimulus",65,"65/186","NLGN1/NLGN2/DLGAP2/DLGAP1/ZBTB7A/KHDRBS1/GUCY1A2/DLG1/DLGAP4/CASK/TAGAP/ADRA1D/MTMR2/ERBB4/DUSP10/ZGPAT/WWC1/GRIN1/GRIN3A/NETO1/MAGI2/DLGAP3/SHANK2/CTNNA1/FLOT1/KRAS/PLEKHA1/OCLN/PTPN13/LYN/FRS2/CAV1/PHACTR4/ZDHHC5/GJA1/PSD3/MARK3/LCK/LLGL1/PALM/DLG5/STX7/LAMTOR1/UNC5B/EFNB2/HRAS/ARF6/LAMP1/SLC38A2/STX4/CTNND1/MAP4K4/SLC12A2/ATP2B1/EZR/ROR2/SLC39A14/RELL1/EPHA2/SPRY4/DEPDC1B/FERMT2/YES1/ITGB1/SLC39A10"
"GO:0097006","GO:0097006","regulation of plasma lipoprotein particle levels",0,"0/186",""
"GO:0098900","GO:0098900","regulation of action potential",5,"5/186","DLG1/CXADR/CAV1/DSC2/DSG2"
"GO:0110149","GO:0110149","regulation of biomineralization",1,"1/186","ATP2B1"
"GO:1900046","GO:1900046","regulation of hemostasis",1,"1/186","CAV1"
"GO:1902630","GO:1902630","regulation of membrane hyperpolarization",0,"0/186",""
"GO:1903664","GO:1903664","regulation of asexual reproduction",0,"0/186",""
"GO:0006950","GO:0006950","response to stress",40,"40/186","GRIN2A/ZBTB7A/DLG1/CASK/NOS1/DUSP10/RPS6KA1/ADRB1/GRIN2C/CTNNA1/FLOT1/KRAS/PLEKHA1/OCLN/LYN/RHOB/SCRIB/CAV1/GJA1/LCK/HRAS/SLC30A1/SNAP23/LAMP1/SLC38A2/STX4/MAP4K4/SLC12A2/ATP2B1/EZR/LAMP2/ROR2/LMAN1/RELL1/PANX1/EPHA2/B3GAT1/FERMT2/YES1/ITGB1"
"GO:0009605","GO:0009605","response to external stimulus",26,"26/186","GRIN2A/CASK/DMD/NOS1/DUSP10/GRIN3A/ADRB1/LYN/CXADR/SCRIB/CAV1/GJA1/GAB1/LCK/UNC5B/EFNB2/HRAS/LAMP1/SLC38A2/STX4/SLC12A2/ATP2B1/LAMP2/EFNB1/EPHA2/YES1"
"GO:0009607","GO:0009607","response to biotic stimulus",11,"11/186","NOS1/DUSP10/LYN/CAV1/GJA1/LCK/HRAS/LAMP1/STX4/EPHA2/YES1"
"GO:0009628","GO:0009628","response to abiotic stimulus",18,"18/186","GRIN2A/DMD/NOS1/GRIN1/NETO1/ADRB1/KRAS/LYN/RHOB/CAV1/GJA1/PALM/HRAS/SLC38A2/SLC12A2/ATP2B1/B3GAT1/ITGB1"
"GO:0009719","GO:0009719","response to endogenous stimulus",26,"26/186","ZBTB7A/NOS1/ERBB4/MAGI2/CRHR1/CTNNA1/KRAS/LYN/FRS2/CAV1/GJA1/RAB35/GAB1/PALM/LAMTOR1/ARF6/ATP2B1/EZR/KIDINS220/ROR2/SLC39A14/CDH1/SPRY4/FERMT2/YES1/ITGB1"
"GO:0014823","GO:0014823","response to activity",0,"0/186",""
"GO:0014854","GO:0014854","response to inactivity",0,"0/186",""
"GO:0014874","GO:0014874","response to stimulus involved in regulation of muscle adaptation",0,"0/186",""
"GO:0042221","GO:0042221","response to chemical",58,"58/186","NLGN1/DLG2/GRIN2A/ZBTB7A/CASK/NOS1/ERBB4/DUSP10/GRIN1/GRIN3A/MAGI2/CRHR1/CTNNA1/FLOT1/KRAS/PLEKHA1/OCLN/LYN/RHOB/CXADR/FRS2/SCRIB/CAV1/GJA1/RAB35/GAB1/LCK/PALM/LAMTOR1/UNC5B/EFNB2/CPNE8/HRAS/SLC30A1/GJD3/ARF6/SLC38A2/STX4/MAP4K4/SLC12A2/ATP2B1/ANK3/EZR/KIDINS220/ROR2/SLC39A14/LAMP3/EFNB1/PANX1/CDH1/EPHA2/B3GAT1/SLC3A2/SPRY4/FERMT2/YES1/RPS6KA2/ITGB1"
"GO:0043500","GO:0043500","muscle adaptation",0,"0/186",""
"GO:0051606","GO:0051606","detection of stimulus",0,"0/186",""
"GO:0051775","GO:0051775","response to redox state",0,"0/186",""
"GO:0072376","GO:0072376","protein activation cascade",0,"0/186",""
"GO:0031503","GO:0031503","protein-containing complex localization",11,"11/186","NLGN1/DLG2/DLG3/DLG1/NETO1/SCRIB/STX7/HRAS/NUMB/EZR/RAB11A"
"GO:0033036","GO:0033036","macromolecule localization",68,"68/186","NLGN1/NLGN2/DLG2/DLG3/GRIN2A/ZBTB7A/KHDRBS1/DLG1/LIN7A/LIN7B/LIN7C/APBA1/DMD/MPP7/ERBB4/MAGI2/CRHR1/GRIN2C/CTNNA1/FLOT1/EPB41/PLEKHA1/OCLN/PARD3/RHOB/USP6NL/EFR3B/SCRIB/CAV1/ZDHHC5/GJA1/RAB35/LLGL1/EFR3A/PALM/DLG5/STX7/LAMTOR1/STX6/HRAS/NUMB/LSR/SNAP23/ARF6/LAMP1/STX4/MAP4K4/SLC12A2/RAB2A/ANK3/EZR/RAB11A/VANGL2/LAMP2/LMAN1/LAMP3/SCAMP1/STEAP3/CDH1/EPHA2/RAB5C/RAB5A/RAB9A/FERMT2/FLOT2/ITGB1/YKT6/RAB4A"
"GO:0035732","GO:0035732","nitric oxide storage",0,"0/186",""
"GO:0036214","GO:0036214","contractile ring localization",0,"0/186",""
"GO:0051234","GO:0051234","establishment of localization",89,"89/186","NLGN1/NLGN2/DLG2/GRIN2A/KHDRBS1/DLG1/LIN7A/KCNJ12/KCNJ4/CASK/LIN7B/LIN7C/APBA1/SNTA1/KCNA4/DMD/NOS1/UTRN/MTMR2/ERBB4/WWC1/GRIN1/GRIN3A/NETO1/F8A1/MAGI2/CRHR1/GRIN2C/FLOT1/EPB41/PLEKHA1/OCLN/PARD3/LYN/RHOB/USP6NL/DNAJC5/CXADR/SCRIB/CAV1/GJA1/RAB35/LCK/LLGL1/ZFPL1/STX7/LAMTOR1/SLC19A1/STX6/HRAS/SLC30A1/GJD3/NUMB/SNAP23/ARF6/SLC6A8/LAMP1/SLC38A2/STX4/SLC6A15/MAP4K4/SLC12A2/RAB2A/SLC4A7/ATP2B1/ANK3/EZR/SLC7A5/RAB11A/SLC39A6/LAMP2/SLC39A14/LMAN1/SLC38A1/LAMP3/SCAMP1/PANX1/STEAP3/CDH1/SLC3A2/RAB5C/RAB5A/RAB9A/FLOT2/YES1/ITGB1/SLC39A10/YKT6/RAB4A"
"GO:0051235","GO:0051235","maintenance of location",7,"7/186","DMD/NOS1/LYN/CAV1/GJA1/LCK/ANK3"
"GO:1902579","GO:1902579","multi-organism localization",1,"1/186","CAV1"
"GO:0000128","GO:0000128","flocculation",0,"0/186",""
"GO:0000771","GO:0000771","agglutination involved in conjugation",0,"0/186",""
"GO:0044010","GO:0044010","single-species biofilm formation",0,"0/186",""
"GO:0099120","GO:0099120","socially cooperative development",0,"0/186",""
"GO:0050789","GO:0050789","regulation of biological process",139,"139/186","NLGN1/NLGN2/DLG3/DLGAP2/DLGAP1/GRIN2A/ZBTB7A/KHDRBS1/GUCY1A2/DLG1/KCNJ12/KCNJ4/DLGAP4/CASK/APBA1/MPP2/SNTA1/KCNA4/DMD/NOS1/UTRN/DTNA/PLEKHA2/TAGAP/CTNNAL1/ADRA1D/SPZ1/MPP7/KIF26B/MTMR2/ERBB4/DUSP10/MPDZ/ZGPAT/WWC1/RHPN1/GRIN1/GRIN3A/NETO1/F8A1/MAGI2/CRHR1/DLGAP3/SHANK2/RPS6KA1/ADRB1/GRIN2C/CTNNA1/FLOT1/EPB41/KRAS/PLEKHA1/OCLN/PTPN13/PARD3/FAM171A1/LYN/RHOB/USP6NL/PLCH1/DNAJC5/CXADR/FRS2/PKP4/SCRIB/CAV1/PHACTR4/ZDHHC5/GJA1/ANKRD26/RAB35/PSD3/GAB1/MARK2/DIRAS3/MARK3/LCK/LLGL1/ZFPL1/PALM/DLG5/CDC42BPA/STX7/LAMTOR1/NRAS/UNC5B/STX6/EFNB2/HRAS/SLC30A1/GJD3/NUMB/EBAG9/TMEM17/RASAL2/ARF6/ADD3/LAMP1/SLC38A2/DSC2/STX4/DSG2/CTNND1/MAP4K4/SLC12A2/PEAK1/ATP2B1/ANK3/EZR/SLC7A5/RAB11A/VANGL2/VANGL1/CD99/KIDINS220/ROR2/SLC39A14/LMAN1/LAMP3/FAM83B/RELL1/EFNB1/PANX1/CDH1/EPHA2/ADCY9/RAB5C/RAB5A/SPRY4/DEPDC1B/RAB9A/FERMT2/FLOT2/YES1/RPS6KA2/WDR6/ITGB1/SLC39A10/RAB4A"
"GO:0065008","GO:0065008","regulation of biological quality",77,"77/186","NLGN1/NLGN2/DLG3/GRIN2A/ZBTB7A/DLG1/LIN7A/CASK/LIN7B/LIN7C/APBA1/MPP2/SNTA1/DMD/NOS1/ADRA1D/MTMR2/ERBB4/GRIN1/GRIN3A/NETO1/CRHR1/SHANK2/ADRB1/GRIN2C/FLOT1/EPB41/KRAS/PLEKHA1/OCLN/FAM171A1/LYN/RHOB/DNAJC5/CXADR/SCRIB/CAV1/GJA1/MARK2/LCK/PALM/DLG5/LAMTOR1/HRAS/SLC30A1/GJD3/NUMB/LSR/SNAP23/ARF6/ADD3/LAMP1/DSC2/STX4/DSG2/CTNND1/MAP4K4/SLC12A2/SLC4A7/ATP2B1/ANK3/EZR/SLC7A5/RAB11A/SLC39A6/LAMP2/SLC39A14/LMAN1/SLC38A1/STEAP3/RAB5A/FERMT2/FLOT2/YES1/RPS6KA2/ITGB1/SLC39A10"
"GO:0065009","GO:0065009","regulation of molecular function",61,"61/186","NLGN1/NLGN2/DLG3/DLGAP2/DLGAP1/GRIN2A/ZBTB7A/DLG1/DLGAP4/ARHGEF26/DMD/NOS1/UTRN/TAGAP/ERBB4/DUSP10/ZGPAT/GRIN1/NETO1/MAGI2/CRHR1/DLGAP3/RPS6KA1/ADRB1/FLOT1/EPB41/KRAS/LYN/USP6NL/FRS2/PKP4/SCRIB/CAV1/PHACTR4/GJA1/PSD3/MARK2/DIRAS3/MARK3/LCK/LLGL1/PALM/LAMTOR1/HRAS/RASAL2/STX4/MAP4K4/ANK3/KIDINS220/ROR2/SLC39A14/LAMP3/EPHA2/SPRY4/DEPDC1B/RAB9A/FERMT2/FLOT2/ITGB1/SLC39A10/RAB4A"
"GO:0009407","GO:0009407","toxin catabolic process",0,"0/186",""
"GO:0010127","GO:0010127","mycothiol-dependent detoxification",0,"0/186",""
"GO:0010312","GO:0010312","detoxification of zinc ion",1,"1/186","SLC30A1"
"GO:0051410","GO:0051410","detoxification of nitrogen compound",0,"0/186",""
"GO:0061687","GO:0061687","detoxification of inorganic compound",1,"1/186","SLC30A1"
"GO:0071722","GO:0071722","detoxification of arsenic-containing substance",0,"0/186",""
"GO:0140330","GO:0140330","xenobiotic detoxification by transmembrane export across the cell outer membrane",0,"0/186",""
"GO:1990961","GO:1990961","xenobiotic detoxification by transmembrane export across the plasma membrane",0,"0/186",""
"GO:0031214","GO:0031214","biomineral tissue development",2,"2/186","ATP2B1/ROR2"
